"5352435","5352699","5352565","5352838","5352720","5352506","5352354","5352320","5352352","5352317","5352022","5352585","5352323","5352560","5352215","5352573","5352287","5352788","5352885","5352001","5352036","5352678","5352385","5352418","5352254","5352540","5352256","5352405","5352786","5352687","5352051","5352399","5352694","5352203","5352693","5352378","5352083","5352685","5352019","5352110","5352240","5352480","5352381","5352260","5352411","5352210","5352427","5352233","5352696","5352250","5352390","5352490","5352473","5352520","5352621","5352079","5352612","5352227","5352224","5352356","5352207","5352683","5352258","5352835"
0,0.00734275614129984,0.00243786928893462,0.000862126637305413,0.0307457003623794,0.00349662233784173,0.00489510623772957,0.00263842930085606,0.00337495414821762,0.0132900866346982,0.00526718182057295,0.00168363525776591,0.00518320713387147,0.00216762393098222,0.00182287172117119,0.00316162789035221,0.0040831904882579,0.00291666985731959,0.00265690873288503,0.000177537157246127,0.00447934718776539,0.000685358365921582,0.00517965070650367,0.00148940588902286,0.00420659341818182,0.00152781381901509,0.00239509837630925,0.00151016641657565,0.00124541629658406,0.00124924794686131,0.00313371014221752,0.000900365725170362,0.00302505940738007,0.00216153555814319,0.00120315515207263,0.00114939205173763,0.00285211101687861,0.00114154631711799,0.00103401624158416,0.000992900360179797,0.00184580556017296,0.00556915698986623,0.00297733659851915,0.00227224105347675,0.00303420385596923,0.00421804866684641,0.0010699910452213,0.00166360156546139,0.00134968103323529,0.000582619241810139,0.00143074152586943,0.000610306605832938,0.000988366869132327,0.00125478486725431,0.000999235803433675,0.000798221610118838,0.0113379596171791,0.00515355571417038,0.00359605290947368,0.000548785429823421,0.00320128768433735,0.00118048923053561,0.00170364508342676,0.000312006521105059
0.117894111159411,0,0.0114205000336509,0.0222990633980838,0.13312554322101,0.015545831622446,0.0221424934683934,0.0121487271200203,0.0149448244325427,0.00911510042687942,0.0222929708515656,0.00722910426804928,0.0225618190567954,0.00938631230455044,0.00801456732445964,0.0140275417608655,0.0183434659986609,0.013352659014433,0.0122607381498192,0.000817333253063858,0.0211033364963592,0.0189599839287113,0.0249520274693398,0.00727851942134736,0.0203968679672727,0.00740516694198963,0.0115528735067475,0.00730176234356086,0.00608530202984595,0.00607340003579642,0.0150082206863826,0.00440640367333694,0.0144744735526199,0.0103397903649882,0.00583515289976211,0.00554802254981204,0.0137490944820389,0.00553777893359239,0.00500383880136295,0.00468714450418106,0.00884321611185932,0.0264441207918606,0.0141616088687963,0.0110367075966771,0.0146204007871242,0.0185519949135465,0.0049259540482296,0.00793709434875837,0.00635252097674292,0.00276010268510378,0.00660179885110433,0.00279055011154623,0.00451357420026,0.00554772758527199,0.00446724152771933,0.00351267539881782,0.048150886670597,0.00367016176118491,0.0151641478534737,0.00234888731402889,0.0148747079422892,0.00568492650966432,0.0081083597778369,0.00134471019532149
0.00780782123524711,0.00222813401250989,0,0.00965072700848281,0.00980397356516274,0.00689787632652278,0.00999378021224596,0.0328208714634023,0.00662944329933986,0.00380235952679449,0.00943783776554297,0.00313308752934702,0.00987505446978694,0.00418289230024265,0.00358540540826672,0.00628853732506311,0.00834181711097334,0.00606412517113402,0.00559624810305134,0.000369168594320456,0.00959043626295148,0.00731528318826199,0.00968588699540342,0.00279072486150111,0.0086908873369697,0.0030223096995769,0.00471458956349399,0.00300720164703072,0.00262368089055593,0.00266151429935406,0.00664247848114316,0.00193067067024337,0.00635408961372694,0.00452047457960661,0.00258099631742573,0.00244676872653625,0.00604046370553862,0.00246795510342036,0.00219112109716528,0.00210745050664143,0.00393548889689248,0.011955577264467,0.00625856357845568,0.00482647643069998,0.00626488681617168,0.008293487794407,0.00183826910650761,0.00317128864344876,0.0024512741104902,0.00107631057469888,0.00247921584610128,0.00104998235630424,0.00168461294872205,0.00203256442396851,0.00162500852347146,0.00129420526610726,0.00296147676877824,0.00149093779238051,0.00632165879578947,0.00103304971836321,0.00668959794240964,0.00258566444898207,0.00362923918818052,0.000497511261459717
0.0253446177938591,0.0408561757206812,0.091432777812212,0,0.187449296193939,0.13454683663757,0.187862306478943,0.103419896881925,0.0219098255855588,0.0127668591267224,0.0317826067750033,0.0105281006631622,0.0329969823809596,0.0138989493179591,0.0117745251345444,0.0204584008894146,0.0270238917739864,0.0191721983150515,0.0175728733828778,0.00115992283630084,0.028879403635302,0.00388675076958243,0.0292962037316381,0.00833928520360105,0.0259435736181818,0.00903578255105775,0.014131648424446,0.00901156111062571,0.00779538761950435,0.00793606919676832,0.0199708828822016,0.00577656374836128,0.0191132018165314,0.0135484367371833,0.0076784053762133,0.00736857403703874,0.0181349838597793,0.00741217044432301,0.00667801584024262,0.00637236245271509,0.0118572157626982,0.0361486149987191,0.0190436847073577,0.0143971579771637,0.018683038446531,0.0275213056042908,0.00558262190780775,0.00958767682851859,0.00742461629099129,0.00325261841012589,0.00756522844008542,0.00322585648358054,0.00520046008052001,0.00635209407592179,0.00506327842797097,0.00407737921250801,0.00949390527691388,0.00500214666409241,0.0211272530088421,0.00344540227721675,0.0206084664218072,0.00780960503053717,0.0110616785746825,0.00157901377706831
0.0263381656096109,0.00708379881520729,0.00260510272212331,0.00545754028797708,0,0.0245063713102478,0.00571576915311695,0.00297279202812326,0.00403740659756886,0.0152078165810938,0.00620203755451033,0.0119474442128296,0.00623449539151221,0.00264036256506565,0.00219665830032058,0.00377478304538526,0.00490549457019219,0.00338002586061856,0.00306083533359364,0.000203855922447189,0.00485251337092542,0.000661106486155339,0.00495261810386308,0.00141451100385191,0.00434254907272727,0.00151251050636517,0.00237085228385968,0.00150941342315131,0.00129794521703952,0.00132578387966003,0.00337288382930934,0.000963424108729043,0.00323638976177122,0.0023045936095358,0.00129153714476814,0.00124431999011891,0.00306126120687336,0.00124756939642987,0.00113646788288645,0.00108950956142891,0.00199995285413664,0.0061239839175679,0.00322325406676539,0.00240114480777097,0.00313417491323413,0.00511772668966585,0.000953812320041494,0.001621973507812,0.0012595554004902,0.000552155880122491,0.00130221572650397,0.0005579215485405,0.000902824444925756,0.00111936334826095,0.00088891398378838,0.000721581416889532,0.00170486525883327,0.000970656895835615,0.00410999613978947,0.000654782737760233,0.00353565497060241,0.00129622479595472,0.00190149672258432,0.00028484668566963
0.00518138428378549,0.00141052795379735,0.00321427761229852,0.00660849131005927,0.0412319992729068,0,0.0439580078278128,0.00381168213374757,0.0308473721850398,0.00284169698566465,0.00726863133908061,0.00246535093209856,0.00787236068439979,0.0033773390470467,0.00285833493517988,0.00490772434421445,0.00652995835347799,0.0044845508272165,0.0040401567569342,0.000269403673200676,0.00612680472485445,0.000794265665846764,0.00597107410210269,0.00171024628110864,0.00547796998666667,0.00188153115567108,0.00295483544042135,0.00189900714519909,0.00165901464889484,0.00171525037515448,0.00438610883336332,0.00125738831567334,0.00418313897343173,0.00296396864800944,0.00168383310465552,0.00162714927588799,0.0039724281357856,0.00163940744751265,0.00147527556334315,0.00142657059110165,0.00259819516664168,0.00795704851940008,0.00414711387922996,0.00306950276506371,0.00391373716134831,0.00663239186338161,0.00111653422995159,0.00198758432979529,0.00151373011351852,0.000669206255842123,0.00153496431779134,0.000657298426299497,0.00105920551149383,0.00128826407131187,0.00103200582105381,0.00082806562029968,0.00194333206466586,0.00110187812111711,0.00477643989052632,0.000820785028104016,0.00455185647674699,0.00167899193086312,0.00249448230831987,0.000325685260813743
0.00365311333539432,0.00101465285313883,0.00234937311719675,0.00473570912045042,0.00505197423676768,0.0226572647296563,0,0.0167178771707759,0.0216552399238061,0.00197292371185176,0.0050233566897535,0.00170654189287064,0.00546834034782609,0.00238781267307961,0.00204348933457576,0.00353695302554634,0.0273317518915065,0.00335193580371134,0.0176347991605495,0.000200598255973813,0.00453879716066618,0.000578198705566902,0.00436876173007335,0.00124986243980579,0.00408416641454546,0.00139394840006061,0.00219300990538805,0.00141285864442548,0.00124664219884796,0.00129249964177182,0.00329835017022493,0.000951823084218496,0.0031450973797786,0.00221720630094414,0.00127372396739872,0.00122492402602225,0.00299089627888597,0.00123781069050799,0.00110308434643832,0.00108163846974844,0.00195325028375901,0.00600115742780705,0.00309646769976729,0.00230315710163826,0.00289387023995141,0.00466550189081314,0.000811547625484094,0.00146566697834067,0.00111166974417211,0.000491791150568221,0.00111560117035998,0.00047660550901782,0.000767171550570696,0.0009219806185352,0.000741301860815047,0.000591306118561538,0.00137593763393889,0.000763550892570862,0.00331941849768421,0.000578466184366607,0.00339683481048193,0.00126077782947917,0.00187916089406176,0.00023073423762476
0.0074997433590326,0.00210890976735455,0.0289980424635205,0.00963899782756618,0.00996103094518519,0.00726335896748201,0.0621003989804208,0,0.00703451182264512,0.00386303906313216,0.00970747055456363,0.00326428323838193,0.010382808063551,0.00447121578192455,0.00383446366806583,0.0066981196847121,0.00902469785542468,0.00648521500618557,0.0348093790124801,0.000391052636024867,0.0549903866947429,0.00695695344251714,0.00919366446220049,0.00262141960708881,0.00853613905575758,0.00292764250829536,0.00458342962399285,0.00294925456143345,0.00259973878446082,0.00267270962180582,0.00675349662791215,0.00194630953946998,0.00643701782642066,0.0045723370547443,0.00261585680512096,0.00249256828164173,0.00612097979590121,0.00252199141763206,0.00224074317329765,0.00219071023738191,0.00400402727639089,0.0122720255202594,0.00635052205737254,0.00479928123836505,0.00606946924190708,0.00881192485621684,0.00171967957861687,0.00306490091288056,0.00234126081732026,0.0010311326747329,0.00234540117448444,0.000997176708435413,0.00160334760287674,0.00191608842357618,0.00154238685466741,0.0012317226345231,0.00283711150502228,0.00150067254368458,0.0064536109591579,0.00109488608526705,0.0422680501616867,0.00261658994788129,0.00376905446444339,0.000476471985080232
0.00453393586281809,0.00123372097404301,0.00281197591542533,0.00101047682988542,0.00643534103129069,0.0286709267463469,0.0391236881010732,0.00335040638531701,0,0.00255228321718183,0.00660195992151899,0.0132958278669569,0.0425172377770449,0.00318324969296327,0.00269438988803875,0.00461344326339224,0.0348594230225915,0.00408490271505155,0.00361525373240781,0.000246292037681861,0.00538171990066329,0.000696293634004004,0.00522648253711491,0.00150404729600647,0.00482984186060606,0.00165175017838336,0.0025964926305396,0.00166951674951081,0.00146577315375753,0.0015226902419838,0.00392132391231543,0.00111784056276906,0.00373698277653137,0.00265382941584579,0.00150248423023157,0.00145845001181435,0.00354986013027851,0.00146823692267962,0.00132557167000268,0.00128177005979339,0.00231565743591813,0.00708875836903121,0.00368317815742754,0.00270668766909151,0.00343806594659378,0.0356419515196788,0.000969886274958506,0.00174589884891015,0.00132257118754902,0.000587421547247363,0.00134745590956681,0.000576152046977495,0.000922972598800167,0.00112920017051042,0.000905865454566067,0.000728802299332438,0.00171064343745479,0.000991374864625414,0.00433671664336842,0.000768759193469756,0.00404965599373494,0.00147377248851997,0.00225518097526524,0.000286902810778395
0.0579889027660778,0.00257908553337416,0.00552016408017297,0.00202494536200711,0.0772006448763187,0.00888066454036771,0.0122097762527744,0.00629969559260447,0.00876388012800364,0,0.0809684625540839,0.026665829641076,0.0137620590740343,0.00590882152800399,0.00486618397771604,0.00830616388750571,0.0106428755347303,0.00724982496824742,0.00651486658605929,0.000438914275713333,0.0102718207919363,0.00141860674143126,0.0106022310437164,0.00304606007037022,0.00920383624727273,0.00323024741340171,0.00505040405273974,0.00320015305600683,0.0027422813161152,0.00280847001209479,0.00717935607862398,0.00202278338812331,0.00688196645667897,0.00489647838889064,0.00272520052603344,0.00263705013842731,0.00647554959453494,0.00262984991298118,0.00239021218972081,0.00233139565927608,0.00424303798364947,0.0129891681453749,0.00683877811845145,0.00506053405785206,0.00665896645414313,0.0112136227376452,0.00205606131838866,0.00346440668319623,0.00270006606249455,0.00118550963190201,0.00282149380852959,0.00121446507711455,0.00197338458835232,0.00247085124265084,0.00195266544483703,0.00158871852523303,0.00376991465982075,0.0129033995929761,0.05810124656,0.00147987101084849,0.00754304644192771,0.00271936958989926,0.00404498232711956,0.000635465655063514
0.00453442601120925,0.00117242797623533,0.0025420792785268,0.00093247852301857,0.00627091148695847,0.00419681247015188,0.00575805543030501,0.00293538683743689,0.00419390896846802,0.0160707614631116,0,0.0128943131741355,0.00664264392691495,0.0028909636711052,0.00237180952298069,0.00401655784335617,0.00514999708014879,0.00344405483298969,0.00307110453817787,0.000208812876308831,0.00475686629969008,0.000646664092609953,0.00483536174259169,0.00139350625682379,0.00424827724848485,0.00148252223176642,0.0023187767343655,0.00147171532833902,0.00126948687298058,0.00130710332249975,0.00335653216910294,0.000941617894386155,0.00321394335926199,0.00228296577055862,0.00127204281155203,0.00123487283995397,0.00302311142080925,0.00123092394311273,0.00112005058092231,0.00109560522294456,0.00198094840259441,0.00607064048924199,0.0031873162274085,0.00234194724984279,0.00306873602123292,0.00539478086977771,0.000926532733367912,0.00158652848633633,0.00122636364117647,0.000541100791888397,0.0012849745966687,0.000551722600773589,0.000892347179543205,0.00112032847416661,0.000886769278344141,0.000719558823073266,0.0017118828827339,0.00104666367537302,0.0278632261776842,0.00367663430368736,0.00352906793012048,0.00126571506437123,0.00190922281539192,0.000291163239267543
0.0108005803957098,0.00284661995433683,0.00629906858869455,0.0023009827003951,0.0867793585571268,0.0105957640117666,0.0145681944135965,0.0073607271572748,0.0618714906792807,0.0380918674311466,0.0924739372361359,0,0.0984711512235579,0.00724635126892471,0.00599156777263518,0.0101208549516625,0.0131640591221575,0.0087412271686598,0.00777280368454085,0.000529407482886067,0.011870451637874,0.00158043787011991,0.011842506968802,0.00341081028077686,0.0105977123515152,0.00367733218959613,0.00575135601178178,0.0036630541874289,0.00318106150537173,0.0032839236070313,0.00845169906277851,0.00238352201505679,0.00809635891808118,0.00575773525628639,0.00322113012755962,0.00312532163731492,0.00765125770284813,0.00313099249711394,0.0028483547581197,0.00276188613649397,0.00499340077327184,0.015307710881816,0.00800155379486355,0.00587580845550885,0.00762175600900496,0.0137154629167819,0.00223266977543568,0.00390568480845864,0.00299129323362745,0.00132418200470908,0.00310082832019524,0.00133000137684171,0.00214125021981036,0.00266444248523972,0.00212104182346545,0.00171124526261445,0.00405998244143613,0.00243647113580224,0.0106940265835789,0.00911143127550383,0.00884587464987952,0.00317091398919289,0.00484744318505147,0.00068680654977737
0.00367617432956887,0.000983143754762085,0.00220654986214568,0.000801341102323192,0.00523557113050505,0.00376420154858513,0.00520098780696134,0.00260491452864837,0.0223607444437423,0.00210828204934243,0.00551172365065956,0.0111121601032854,0,0.00259384846723616,0.00216073980305763,0.00365646865165525,0.00476315663980161,0.00313929917278351,0.00278105526114244,0.000190689815299107,0.00418892060526575,0.00054964101545791,0.00411859524537897,0.00118703747135748,0.00374514272363636,0.00129234435265458,0.00202348267158501,0.00129402420007964,0.00112982896696584,0.00117008486071393,0.00301820503419952,0.000854782018950784,0.00288941730568266,0.00205555578824548,0.00115509576376487,0.00112088087420023,0.00273590458305833,0.00112492317749443,0.00102594978859335,0.000987113396268433,0.00178027207989622,0.00546303286216457,0.00284727435626825,0.0020867506253715,0.00268107464025104,0.0283944608216607,0.000769218838921162,0.00136723128262738,0.00103973010059913,0.000461691896726778,0.0010699730818914,0.000458747059067515,0.000735394080973224,0.000910558929434084,0.000727571048031949,0.000587348724629534,0.00138463283251323,0.000824521794479126,0.00361179342484211,0.0032319028938669,0.0031436515186747,0.00112997800519974,0.00174397734516548,0.000233332581770546
0.0063547608567613,0.0016993614946802,0.00381315198689033,0.00139425675599368,0.00909019365207632,0.00662620620968825,0.0092847032393802,0.00457982381528071,0.00685353882631459,0.00372625734746107,0.00980328180519654,0.00329535761043943,0.0105979037707951,0,0.0295043972115637,0.00768394109911287,0.00960988714251705,0.00594980905731959,0.00507264143569053,0.000371846296226614,0.00739987393916293,0.00096458275929711,0.00719353230728606,0.00202802004698361,0.00669069616484849,0.00226495217615945,0.00354525471888701,0.00232027796414107,0.00204343335689216,0.00214443445567443,0.00564063251200847,0.00156303557213629,0.00538961220516605,0.00383368835359559,0.00215217915304718,0.00211524450215573,0.00509158730049396,0.00210657582164744,0.00191387250124342,0.00187547414882738,0.00327589847873162,0.00998487583766518,0.0051485548313095,0.0037481506535959,0.00475405995784189,0.00898604040636742,0.00131821484840941,0.00241630077118551,0.00181188273754902,0.000813547183395713,0.00186098727613179,0.000800560501756718,0.00125429326444749,0.0015798963953591,0.00127456291684803,0.00103167694276325,0.00241365158703915,0.00147984075373021,0.00657431372463158,0.00700233472610617,0.00569538588457831,0.00203409381359679,0.00336476080687886,0.000412640796889754
0.00681242511476341,0.00184407754663547,0.00418594784756281,0.00151712925647175,0.00972740863676768,0.00723111488729017,0.0102450560510455,0.00505620037336935,0.00747996974783519,0.00396369188315532,0.0103710577547768,0.00351110768445996,0.0113892003581639,0.036322078392355,0,0.0516083687294338,0.0109486446809919,0.00669949976907216,0.00566787944854664,0.000422661599294491,0.00816727025432006,0.00105518708372313,0.00790414412518337,0.00223176233842606,0.00747372800121212,0.00252328655909552,0.00395637988429693,0.00260243041078498,0.0022933527532217,0.00242671293250675,0.00639030136362001,0.00178398149326122,0.00611604157874539,0.00435738989974823,0.00245963205109924,0.00241478400325278,0.00580814351922228,0.00241249791178304,0.00219510956831683,0.00212136875520858,0.00369942097171519,0.0112291862772598,0.00579641969304845,0.00418165714449115,0.00526667375256605,0.00976917965464506,0.00143587534307746,0.00267387091401824,0.00199316658142702,0.000897927790949302,0.00202877271079927,0.000871003574508277,0.00136171041072455,0.00169776151201394,0.00137551036361919,0.00110912477326444,0.00257359173859427,0.00156206235436022,0.0069533723368421,0.00735477150403417,0.00636891039012048,0.00226037604734218,0.00383286510776247,0.000439544939149193
0.00413197412675079,0.00112846762372338,0.00258280509870722,0.000926888421422363,0.00589671313023569,0.0044294458536211,0.00631016050883706,0.00312693649866779,0.00456355275159572,0.0023810605288071,0.00620521299738841,0.00211030329384805,0.00686552683061147,0.00352662792117002,0.0196016292393531,0,0.0387436960162182,0.00416760735340206,0.00351927424793926,0.000262682543813888,0.00504919672712527,0.000648090978792793,0.00487084209525672,0.0013846409488246,0.00464529835151515,0.00157173295804184,0.00247728210459704,0.0016199550550967,0.00143019782221031,0.00151255474587741,0.00397967850633501,0.00112135335372634,0.00379767015940959,0.00270835186465775,0.00153508055133483,0.0015077706853855,0.00362043279457698,0.0015110036303987,0.00136589745302292,0.00131927784145099,0.00230372520113001,0.00699324650124037,0.00360333233255765,0.00260362227077941,0.00325870355271586,0.0342280594719059,0.000880776433063624,0.00165379234554939,0.00123069202148148,0.000554742711997278,0.00124302872575961,0.000534107319368215,0.00083343312855865,0.0010317480178925,0.00083740263453429,0.000674147954738039,0.00156361214648986,0.000932899765559467,0.00414959330357895,0.00428545281409134,0.00393595971662651,0.0013955749958816,0.00238730451132858,0.000265320774209667
0.00355316566422713,0.000983035947141923,0.00227259220608067,0.000804098549735283,0.00503450342967452,0.00382409842071942,0.0321872585330941,0.00275105435125032,0.0225845257309174,0.00201485688002059,0.00521340601745503,0.00177809425334702,0.00579953117976788,0.00286544715132458,0.00253770880280402,0.0261103040802019,0,0.0226292414185567,0.0183068989199132,0.00125802249652899,0.00446487417875742,0.000568815571523669,0.00429555497564792,0.00123173760289703,0.00415692501939394,0.00141562048021446,0.00223419572370864,0.00145622869883959,0.00128871614210315,0.00136850298881312,0.00359123115285525,0.00102108639800973,0.00342151799926199,0.0024260617011487,0.00139779999795897,0.00136482011949367,0.00326907069095113,0.0013708878314997,0.0012236881933815,0.00119955467349894,0.00207899952644566,0.00627844495828131,0.0032248438958663,0.00234268290209499,0.00289070719159429,0.0290966477603557,0.00077347002538036,0.00146729127025062,0.00109285135555556,0.000492287033902688,0.00109563071122636,0.000468707333254835,0.000729296944437951,0.000893785141423501,0.000727139449416413,0.000583184678602873,0.00134654644125164,0.000785028508070615,0.00348530847663158,0.000683940522860506,0.0034868974446988,0.00124631182187094,0.00215802214829454,0.000227650296553137
0.00516444374100946,0.00145975475273766,0.00341498486216059,0.00117602017344133,0.00716910326159372,0.0054261628742446,0.00804325210869352,0.00410454745971465,0.00542857997075347,0.00281188070345644,0.00717168304556962,0.00244277287912115,0.00793228752584791,0.00365733427406349,0.00320229666698012,0.00560057712903955,0.044131646140558,0,0.0274755196564136,0.00181759949364436,0.00675137427825634,0.000851711265380867,0.0064936795996088,0.00187628462116124,0.00636421301454545,0.00215189717114517,0.00341050857889695,0.00222799940482366,0.00198720005744139,0.0020990795919848,0.00542758136052924,0.00154396377540292,0.00516203663822878,0.00367254429348544,0.00212494950588289,0.00203572580216341,0.00490830236327903,0.00205752599139445,0.00183632356782446,0.00183336769031464,0.0031691584178034,0.00963103308429672,0.00488572648057542,0.00362051236520933,0.0043970791276526,0.00687325783689086,0.00118414398705394,0.00223360740654805,0.00167507226299564,0.000747375393317455,0.00165745391448444,0.00070511262015763,0.00112194041071978,0.00132922890706588,0.00107891868626444,0.000858221378030381,0.00197243174446459,0.00108962029369006,0.00477344453894737,0.000881065754103607,0.031697858843253,0.00194588392676183,0.00318004931871417,0.000331632392324791
0.00594789602921136,0.00168886172538517,0.00395304473609782,0.00135338267070328,0.00813223056089787,0.00609553218673062,0.052937829830044,0.0281539184643782,0.00601248687772365,0.00317045455625273,0.00803514444759494,0.00272639877459548,0.00878746918637797,0.00391243872978561,0.003392331978001,0.00592770227596586,0.0464724818614755,0.0359149150837113,0,0.000357634271887636,0.0078050631058769,0.000981653329854205,0.00748331941770171,0.00214467544593971,0.00721498200484849,0.00244835391663384,0.00385281596726225,0.00250307615112628,0.0022313986903148,0.00232164793465453,0.00594541020710241,0.00169750948789616,0.00565909032383764,0.00402248675381589,0.0023189225687801,0.00220980000724204,0.00536844347403048,0.00223656363769277,0.00199468934750513,0.00197959049227663,0.00350950976171807,0.0107491275847588,0.00549419676121007,0.00409366981762701,0.00503245568102035,0.00755689153532769,0.00137951316017289,0.00254800967788279,0.00192368103239651,0.000852401817924464,0.00190249274257474,0.000810610701560472,0.00130178892651917,0.00154038831781119,0.00124352399425602,0.000984641205059419,0.00226524361483935,0.00122837436879189,0.00535095658778947,0.000948094399101105,0.036492704736988,0.00222075020625618,0.00339756287524941,0.000381332598944752
0.208214944802313,0.0579136715215689,0.136804921907165,0.0472829086660608,0.284701756140965,0.217442219922622,0.322457478627043,0.163470644097189,0.221603961375643,0.112560731490001,0.288712166508195,0.0964172307399589,0.321151872069011,0.149361573132525,0.133755313122519,0.237194132395144,1.8903931929597,1.35995531917526,0.189770578697035,0,0.278926802182071,0.0349977938930621,0.269220307657702,0.0759131062296581,0.27179466710303,0.0905714109015211,0.146030030128113,0.0959013983324232,0.0855330340200938,0.0917274750116188,0.243642550865732,0.0678971448177393,0.231740369914391,0.165051055456176,0.0951805036606562,0.0910592295438435,0.220057693834577,0.0919837592258247,0.0840656528090625,0.478290245521962,0.864684557863361,2.40172806603324,0.207787435123842,0.151940109293397,0.184126271891811,0.275889948668063,0.048166986540249,0.0943211872631592,0.0696195006240741,0.0318955970025179,0.0686679461092007,0.029286591920671,0.0453446580367583,0.0540655655829025,0.0441571410287972,0.0348824941033792,0.0783700782551706,0.0438891464515894,0.192697044665263,0.0368094224582985,1.26759960928916,0.0801135418588043,0.145952700633032,0.0135603924208598
0.00464531606971609,0.00133916010525374,0.00308726425177962,0.00102219677165942,0.00594556738819304,0.00427803187453237,0.00627587702130158,0.0206335784176952,0.00412435273296608,0.00230487993232274,0.00574137845548301,0.00191863281914579,0.00609389898481899,0.00260996171942164,0.00225411732129657,0.00396814405464118,0.00531885978531928,0.00389025985319588,0.00360152327340564,0.000238052486809023,0,0.00448861811728793,0.00599641222220049,0.00173045487994335,0.00559224652606061,0.0019171292059071,0.00299543283102057,0.00191720752514221,0.00170035445803081,0.00173426395828417,0.00432390967885684,0.00124768345752299,0.00414085432915129,0.00294615538154209,0.00169442383012584,0.00159609510247794,0.00391644391627956,0.00161271109079134,0.00143365311628222,0.00139277209143758,0.0025676667185356,0.00779238897183624,0.00408873441802412,0.00312586460939269,0.0241999664164713,0.00515297151141833,0.00112620576218534,0.00199267713849882,0.00152815786514161,0.000673195439373937,0.00152744889151922,0.000645829950320641,0.00103554990319757,0.00123061012986772,0.000989147425966419,0.000782224593638524,0.00177734880338802,0.000900117322072544,0.00384909126736842,0.000640850778176692,0.0263615824871084,0.0097468834666397,0.00237476839974663,0.000301690268457379
0.0262525727702839,0.0451477977277963,0.0912690227742041,0.00505628662384433,0.0295632425303704,0.0203650532966267,0.0293708539502724,0.0988083252662896,0.0195844754632916,0.0116794301854176,0.0284761094096735,0.00924166817589323,0.0292235945841123,0.0122837710423533,0.010499428505259,0.0185201333260632,0.0244153066684439,0.0180537667364948,0.0165261561712075,0.0011199676305041,0.165308586797972,0,0.21988624439511,0.0109982126284524,0.0301510322060606,0.0111657787957433,0.017428197914769,0.0109370284531627,0.0090532538570931,0.00896757486225777,0.0218290273023551,0.0065310307179232,0.0211876412147601,0.0151956496845791,0.00867399971330001,0.00814318266347526,0.0202062103476406,0.00809130952204007,0.00721970297174561,0.00666651174656888,0.0127055815807437,0.0372309491712687,0.020067758637326,0.0160675479464372,0.127774652307642,0.0241920901197648,0.00720770967803596,0.0121086714797985,0.00951751848284314,0.00412976291326302,0.00974514470209884,0.00409397279252999,0.00661274023045381,0.00788660020822611,0.00642454791487783,0.0290682974505322,0.0636817923838356,0.00468760071306788,0.0194146725978947,0.00302259997094662,0.0204168744626506,0.00793611239306391,0.0115803923692162,0.00185860270269479
0.00351502258649842,0.00104171633541923,0.00207149773924402,0.000684168410395101,0.00395222614338945,0.00275843815904077,0.00398822651626162,0.00219683981559139,0.00266094476040974,0.00157542702943765,0.00382669633236509,0.001243207100846,0.00393910443812229,0.00167161090701679,0.00142379818519627,0.00251808348451497,0.00333087764421575,0.00248704383092783,0.00226168330345625,0.000155768477543292,0.00394698611225489,0.00386163869391948,0,0.0100240845319037,0.00441516195151515,0.00171276507136313,0.00269806498033588,0.00169732799558589,0.00134410874539853,0.00131874147874013,0.00317611822084149,0.00095880463177934,0.00310725796797048,0.00226061150099135,0.00129225570917198,0.00119745601356348,0.00297772511390436,0.00118421349245902,0.00104688025288734,0.000952059084835581,0.00181945592020755,0.00522400226581273,0.00283396957026444,0.00230756886476254,0.0179545796746229,0.00326814795257135,0.00111116828027663,0.00188522830510299,0.00148259533684096,0.000646490508063967,0.00151410474035387,0.000628081369310923,0.00101449951208063,0.00118341746057689,0.000974744384104436,0.00421239194506975,0.00145937734611667,0.000633501134690344,0.00263089582147368,0.000410572231004843,0.00283347466373494,0.00109287189418803,0.00166813759182898,0.000271460136181712
0.0119830722176446,0.00354264887990917,0.0070016959579751,0.00233184561465824,0.0134246651749495,0.00935897614784972,0.0136100501789072,0.00743494422571549,0.00905083790645117,0.00534809321149916,0.0130288787445969,0.00417778150933881,0.0133809935232565,0.00567835181552269,0.00485463831573128,0.00853614715772569,0.0113661971621079,0.00847326100453608,0.00773034521642805,0.000537013075794337,0.0134406180802317,0.0023014420146159,0.116689271182592,0,0.0904304706145455,0.0386917497606993,0.00997851616815661,0.00628687070284414,0.00476998784943068,0.00466805603446855,0.0112016532730775,0.00342036874686858,0.0110220619197048,0.00806348952893784,0.00462117122350859,0.00426715749026467,0.0105971194273673,0.00418793223959522,0.00370568729778967,0.00333649963943538,0.00633425756091092,0.0180101377770572,0.0097845583056484,0.00800490864552044,0.061370506307602,0.0111073155588699,0.0250420506586722,0.0440215340797041,0.00558247669183007,0.00243343806535556,0.00568275797945089,0.00234475683833254,0.00378804102059753,0.00434957425000452,0.00359538128046721,0.0149695006503627,0.00505077561891504,0.00216679732450077,0.00890797434947369,0.00140998187766394,0.00958691443457831,0.0037313934014703,0.00584487446910531,0.00098011802745606
0.00342235188008412,0.00102244117171856,0.00223353929331842,0.000727895019940735,0.00416230829809203,0.00303678379728217,0.00446960204056761,0.00246012586667117,0.00295304683079445,0.00164274673705829,0.00404486093033977,0.00133676951958111,0.00430804548118483,0.0018677240514941,0.00162718422478877,0.00289435236288977,0.00388643394405456,0.00291916072164948,0.00263046183781634,0.000186603771749201,0.00441589808366112,0.000648299503324773,0.00529515180459658,0.00926440569290714,0,0.0116271981070412,0.00298766326169134,0.00194238469287827,0.0101653775227328,0.00168155248535146,0.00405237679631649,0.00121381777946998,0.00396120587660517,0.00282898471946499,0.00164089749354479,0.00151685142843115,0.00373521291075145,0.00151884675188019,0.0013616643002337,0.00124079338942355,0.00230409259349668,0.00639966570195379,0.00342389778484451,0.0171156164533377,0.0203676271849377,0.00362841240948803,0.00102606028295297,0.00192383112418851,0.00145181177753813,0.000641670706008847,0.00140614052368517,0.000587287935281866,0.000936270517960522,0.00106029641035039,0.00085418483241637,0.000639504744296786,0.00136673825749358,0.000648481049205977,0.00275080322189474,0.000453545721381333,0.00325828257409639,0.00130523496162122,0.0021262464538654,0.000247367262729702
0.00768617648670873,0.00229709043350284,0.00475342457051517,0.00157770796402213,0.00897261016421998,0.00645957059440448,0.00949260097197847,0.0051491474208932,0.00625178894758024,0.00356382494103719,0.00871085420341106,0.00280824719497331,0.00916378513804261,0.0039506099718132,0.00342793425969652,0.00603200528538526,0.00815163386968382,0.00611293075216495,0.00551041937709328,0.000396325522001756,0.00937787334270239,0.00149579417674802,0.0128330379016137,0.0234192127090997,0.0687706414909091,0,0.04839238429429,0.00527307522390216,0.023073420343791,0.00378621133874613,0.00899416872127018,0.00276193449367226,0.00901186959601476,0.00660279480242329,0.00387104982722519,0.00352230246677407,0.00862585112678928,0.00341860677149565,0.00297565877004371,0.00258925976540651,0.00487736903995388,0.0133533563364735,0.00723888025756717,0.00603295860498428,0.00722233031161858,0.00766875071584684,0.00270182316087828,0.0327710326851706,0.00400678058529412,0.00177717674321878,0.00385677234146431,0.00158445315582059,0.00255069269613215,0.00276017840686585,0.00224082718230773,0.00156282590563604,0.00318035998769747,0.00142550917081749,0.00586580605136842,0.000981226362285867,0.00683594864855422,0.00268033130022949,0.00463701281028662,0.000622303183569429
0.00480872792361724,0.00143620659347531,0.00297365843572653,0.000993020716953773,0.00563499453198653,0.00406164056095923,0.00597067926860871,0.00323474453193753,0.0038991955373913,0.00221041450617939,0.00543758693401732,0.00174549809221355,0.00575551665790404,0.00247789126125312,0.00217162469496331,0.00379017343094122,0.00518663419241166,0.00385916801319588,0.00349142824662328,0.000253566122466317,0.00593563882003186,0.000940933438534366,0.00806959307188264,0.00256434206682581,0.00743392346666667,0.020131817768187,0,0.0230830011543686,0.0149604305633222,0.00248366081658234,0.00590396347761842,0.00183885659379124,0.00597987170391144,0.00445627026204563,0.002631013116727,0.0023795132884695,0.00578229282070415,0.0022761191589233,0.00196163129413612,0.00167355928027127,0.00312387693217642,0.00846314545835428,0.00459042897716099,0.00380407288254178,0.00453389907772042,0.00483236039494048,0.00179937078520747,0.0210088460026274,0.0027802250253159,0.00732860478138142,0.00263363168846858,0.0010768205347463,0.00173450857790447,0.00182209031128089,0.00147052560421179,0.000993703783060866,0.00198583787037895,0.000895182237617669,0.003691394784,0.000615916781512304,0.00428644769674699,0.00170137726399938,0.00304465218165004,0.000405114988932348
0.00518975083335436,0.0015256862449379,0.00324458304140759,0.00108068729455156,0.00608627251555556,0.00439181549288569,0.00652277176298809,0.00355718182759308,0.00426532638659686,0.00238051144480762,0.00586742002009327,0.00189428061521971,0.0062904039756106,0.00272735771329234,0.00240414392433711,0.00420129886355572,0.00572260239077495,0.00431981038845361,0.00384135719100506,0.00028659018293281,0.00642257904458798,0.00101320557354094,0.0086068468193643,0.00266602938591948,0.00815093611878788,0.00352956318150009,0.0374775964082282,0,0.00280664292329538,0.00286022859264474,0.00687793439417835,0.00217758357179016,0.00706325830878229,0.00539949146808812,0.00323493353213124,0.00290301219633295,0.00693741453507094,0.00271432368323821,0.00231094253924182,0.00193182643294377,0.00351499621756126,0.00940303969683016,0.00503868101779564,0.00416681341483369,0.00494031811303978,0.00529344302547541,0.00200204789897649,0.00358183544161724,0.00324972346748366,0.00852209550127254,0.00300241974091519,0.00122609604182699,0.0019826648939257,0.00202009823408402,0.00160727639547559,0.00107679141948124,0.00211437629311389,0.000969083621943727,0.00400756926315789,0.000676108093390384,0.0047305669473494,0.00187253610003656,0.00358910086495012,0.000440780870864192
0.00941752551343849,0.00281065395204404,0.00614110830259599,0.00202904334332675,0.0115586559998204,0.00851607380706635,0.0126241355120665,0.00683693172762853,0.00832316326925563,0.00455278404680993,0.0112911540162292,0.0036989367116961,0.0120918358318517,0.00533367020718631,0.00465111996238513,0.00830783860254357,0.0111921240891754,0.00839676464082474,0.0074417770311786,0.000548481203966332,0.0122873871104185,0.00179324142013467,0.0147659514847922,0.00445550085835323,0.0902936069612121,0.0346860583628603,0.0540738742422896,0.00613791672443686,0,0.0321618154349925,0.0128432198103837,0.00396406179400757,0.012709113082214,0.00912300268788356,0.00537889601108774,0.00487347963169927,0.0120925281082922,0.00482546128607974,0.00432015471400589,0.00379356453298636,0.0430156908763909,0.0184617231324524,0.00979630003083563,0.0489728697403277,0.00925140936188683,0.0102276211642392,0.00292813647242047,0.00561482154689114,0.00431805454194989,0.00191555976160599,0.00409936908489323,0.00170867508291584,0.00272090031170851,0.00299631410380848,0.00242712266554215,0.00177675060368709,0.00376300623706484,0.00180365610670422,0.00758851794694737,0.00129480160380649,0.00927161640662651,0.00362295864050099,0.00668184032286303,0.000692836553529668
0.00891494254736067,0.0026519974217017,0.0058662636559994,0.00194802802224417,0.01114271484211,0.00829529906059153,0.0123414649386527,0.00661906930815027,0.00814988551133167,0.00440128933122635,0.0109342097039574,0.00359232735052156,0.011808475457419,0.00528107424466678,0.00462916828074375,0.00827612097357856,0.0111799638421079,0.00834507445360825,0.00731772367165582,0.000552635707586331,0.0118304212405156,0.00168178621913494,0.0137222714969193,0.00407553976837548,0.0145462052351515,0.00524298113127338,0.00860680297363411,0.00589030483100114,0.0305141318440188,0,0.0761915169633025,0.0238464006753488,0.0753224529890775,0.0094812991,0.00558525469949779,0.00507774413919448,0.0125609983538833,0.00504779320656547,0.0045470645437374,0.0227407880214179,0.0432046528186682,0.0182132434738225,0.00959329300637191,0.00784348360728115,0.00877926124266829,0.010027587356627,0.00268561494697787,0.00519920540352273,0.00405784216528322,0.00180792443628445,0.00381713960838316,0.00159460834357991,0.00254885045368955,0.0027839466414919,0.0022583181808975,0.00166656621295029,0.00353480717543687,0.00173511676310517,0.00732013847747369,0.00127940490461022,0.00906456777951807,0.00349566277658408,0.00702160994552652,0.000646629309619113
0.00331088718193481,0.000980542597862722,0.00219577172146425,0.000735485168146977,0.00421645190500561,0.00317000988060751,0.00472027907650954,0.00251085610138962,0.00313078411653084,0.00166966577506112,0.0041610657041439,0.00137252473506366,0.00452808957832669,0.0020531651031411,0.00181063021939161,0.00323465200828946,0.00437903935273404,0.0032439877814433,0.00281199221859725,0.000217396260420063,0.00445103351655902,0.000618304999452409,0.00497547000606357,0.00147383100576978,0.00529029549454545,0.00188816561368844,0.00308297214487926,0.00212786263523322,0.00182839082170127,0.0121413007788101,0,0.00157056083608437,0.029529920064059,0.00366360632646735,0.00216707854754238,0.00200185233356348,0.00489469746255386,0.00201552309579437,0.0107377773817429,0.0090954304953868,0.00264240300336696,0.0069648387697122,0.00363839053784641,0.00290378734682773,0.00324592005694503,0.00385872983108562,0.000955825729024896,0.00187052229748613,0.00146237123910675,0.000652170250615856,0.00136948629222697,0.000574602390686545,0.000920805815702785,0.00100062281923985,0.000816885631275819,0.000608555870550791,0.00130165973861104,0.000655621926012152,0.002781731232,0.000495850060686719,0.0034548098360241,0.00131644286722938,0.00286168144350911,0.000235437941737992
0.0109744418092744,0.00326294128352864,0.00721669791905763,0.00242167309709601,0.0137724810241077,0.0103289460760352,0.0153716095757821,0.00814289382241959,0.0101510176037514,0.00542573815220692,0.01354266198004,0.00443297438791786,0.014707717094114,0.00662094938211069,0.00582379483334616,0.0104337100244356,0.0140972984008927,0.0104794947480412,0.0091115764607086,0.00070392981935255,0.0146435863938132,0.00208530466063859,0.017005389966357,0.00508518130952863,0.0178964096448485,0.00663674404513084,0.0110588060620809,0.0077886893974744,0.00631371197620897,0.0415985627371583,0.0176141965258322,0,0.103124305752768,0.0794396204704957,0.0458906236322381,0.00707627066046797,0.1050951599266,0.00692013636457397,0.00613592824705022,0.00501817378431985,0.00860195374823869,0.0225988585950223,0.0119631056688132,0.00965168623175244,0.0108332386401701,0.0124904164243339,0.00335064228178423,0.0065320289335221,0.00522614384627451,0.00232988809761143,0.00485321141035997,0.00202932661982591,0.00324579651684895,0.00347624067818029,0.00283227721863014,0.00206879702649995,0.00433948925117669,0.00215148940240841,0.00906205085136842,0.00162012346461022,0.011174968580241,0.00429889812220156,0.00942561708708788,0.000806623916839159
0.00317669753892744,0.000942944402788233,0.00209849115208231,0.00070490193992098,0.00401815475483726,0.00302078719897682,0.00449598676966237,0.00238276583323934,0.00297796399714091,0.001589553854917,0.00395981488634244,0.0013001522743655,0.00431084378808938,0.00195230824206083,0.00171945550768968,0.00307597802964779,0.00416059111427154,0.00308558277608247,0.00267028322725958,0.000207573394432533,0.00426493385493411,0.000599516565883566,0.00485593082190709,0.00144854443830063,0.00513818236848485,0.00187898974878256,0.00310334749540296,0.00217801107984073,0.00180244608659076,0.0119850728632417,0.0294834284284943,0.00934903004681449,0,0.00379721516697089,0.00223392364893409,0.00205177380958957,0.00505871190120862,0.0120780514341065,0.0106141142574971,0.0014888260814573,0.00251772558066301,0.00661389375438995,0.003490622633315,0.0027943500173821,0.00312873128752303,0.00366636069103112,0.000946416520968188,0.00185510900497672,0.00147113934981481,0.000655998040585233,0.00136871404923734,0.000573052237586807,0.000918326070315463,0.000985888003407111,0.000804720330175635,0.000592435053446316,0.00125085295248598,0.000626807609318626,0.00264330349978947,0.000475524004279058,0.0032801084526506,0.0012494211925847,0.00279790476545368,0.000230212749764623
0.00421722857238696,0.00123555624588749,0.00276263480440766,0.000928123106617938,0.00530579146127946,0.00396966239897682,0.00589892413087588,0.00312319394808274,0.00387117323312543,0.00206818967100244,0.00517126014528981,0.00169104774031211,0.00565414499209423,0.00256362421573542,0.00225834574154591,0.0040275580975021,0.00545952079050217,0.00402817640824742,0.00350807523522777,0.000274406525832033,0.00563144347284576,0.000798556880564576,0.00651181520097799,0.00196258827298402,0.00682582683151515,0.00257306272731977,0.00431594434661632,0.00311304797299204,0.00241820327576691,0.00266236846151385,0.00680928443725853,0.0127484412249648,0.00707873655586716,0,0.0195545859915831,0.0181752210357959,0.0431703678080925,0.00280534939750658,0.00243247745734011,0.0019645758823689,0.00329414872521188,0.00865666972491285,0.00458331843467739,0.00366884905943406,0.00413643989263691,0.00479776340026961,0.00129004384058783,0.00253994159942861,0.00206155134866013,0.000918481926151752,0.00189850999626602,0.000793711647445953,0.00127372921213191,0.00134128221473576,0.00109528376800103,0.00079385856100031,0.00164627167573143,0.000824857729964275,0.00348388368336842,0.000631838042213685,0.00423441337048193,0.0016527815075001,0.0037870399309707,0.000310664071844723
0.00699563549131441,0.00205508488785274,0.00461338873970029,0.00154778972503753,0.00881633359892256,0.00660711118286171,0.00985755250395694,0.00522904822656648,0.00646726803525609,0.00343856947108995,0.00860014579323118,0.00281209820659548,0.00944980906182574,0.00428735753923882,0.00381609588628909,0.00672780867810073,0.00918795751965282,0.00674415502103093,0.0058834560653073,0.000463426245201152,0.00935063056213179,0.0013304244601832,0.0108564822669927,0.0032893893795347,0.0113348412193939,0.00431642536587913,0.00727413331256285,0.00532256863829352,0.00402633176326859,0.00441397198654535,0.0113640954808362,0.0212435004078313,0.0117983945515867,0.0560941710547443,0,0.0323605548779747,0.0120114496905307,0.00477657461343048,0.0041101558268629,0.00328343731137923,0.00548103569850677,0.0144208482179489,0.00763242410233975,0.00606163214329307,0.00687962664838142,0.00804999797651513,0.00215003825878285,0.00427694786496779,0.00350918572460784,0.00156307098212998,0.00320877631454545,0.00134380971252113,0.0021525852748858,0.0022500137133742,0.00184036387284923,0.00132447545607936,0.00271348454292992,0.001376076556923,0.00583628959494737,0.00105957426275773,0.0070832293953012,0.00276773510765569,0.00650390047051148,0.000520062551627045
0.00628792455276551,0.00184405618428763,0.00416867972121375,0.00140225745334255,0.00801624368897868,0.00603816468105516,0.00899862739757951,0.00474980067371549,0.00591970740576371,0.00312737506678677,0.00784293064397069,0.00256832978567556,0.00864452355281483,0.00395809572225362,0.00351738812295505,0.00624310749274672,0.00848228572872907,0.00621075304494845,0.00537105262968908,0.000427890772909214,0.00846327306378566,0.0011871896456676,0.00962303863080685,0.00288909295053207,0.0101045412,0.00378745813652544,0.00634268041641658,0.00458818030992036,0.00356865435188212,0.00394698638336966,0.0103199351406827,0.00326620350204435,0.0106336721467159,0.049686231745712,0.0308723981534218,0,0.0645660158333368,0.0260316010081927,0.00377762475383106,0.00303770501667692,0.00497358876952436,0.0131204579612161,0.00691509332197165,0.00544215469249048,0.00617184828942201,0.00736573301135236,0.00186905096852006,0.00375852185035138,0.00305101502984749,0.00135979729208574,0.00279600737245882,0.00117191560790808,0.00186440433243247,0.00197699780044138,0.00162101349318676,0.00117561030573938,0.00243022721714975,0.00124906964351196,0.00531231796715789,0.000978650948785237,0.00644090380120482,0.00250605922425299,0.0381090778574949,0.000459662701249884
0.00372897866895899,0.00109662162653363,0.00245226240960262,0.000824373164930857,0.00471026763941639,0.00353796923459632,0.005257103436229,0.00277497834390207,0.0034690578261598,0.00184268066715738,0.00461995899333777,0.00151076956196304,0.00504175320799584,0.00228690079518697,0.00201682097220774,0.00361235107456185,0.00488315747211407,0.00361604010474227,0.00312776337139552,0.000244871840926789,0.00500300191886459,0.000703766544508928,0.00571668242288509,0.00171670721115112,0.00602060133212121,0.00223929294450259,0.00373069728279837,0.00266278652312856,0.00212518330502344,0.00235467929863814,0.00607889235524742,0.011223358257523,0.00630820694361624,0.0286198269971518,0.00282196665248061,0.0157858344756118,0,0.0148159428487594,0.00218127605335474,0.00175016299846384,0.00293547286160853,0.00771657798803405,0.00407616343661519,0.00325696058817144,0.00365980228975402,0.0042838812109336,0.00112104008425311,0.0022122758319801,0.00177641930994553,0.000791907118829534,0.00164074313864552,0.000686908329997151,0.00110170408501401,0.00116834844684778,0.000954830436325847,0.0006972621484551,0.00145665904852875,0.000733059712952098,0.00310228669136842,0.000561783833875782,0.00378812398915663,0.00146594375282119,0.00338004110840855,0.000271952474774943
0.00720353969867508,0.00211002905339068,0.00476356394262283,0.00160705204226393,0.00919629320547699,0.00695760547350919,0.0103503108847496,0.00542823755974673,0.00686989488666515,0.00361177598616394,0.00908076905790806,0.00298208369970431,0.00994212471508055,0.00455544131301313,0.00402604530668376,0.00720595520313499,0.0097474859666708,0.00716751792082474,0.00615637957661605,0.000488086310792642,0.00972276542707024,0.0013463623405852,0.0108543228837164,0.00325133373404006,0.0114787414654545,0.00419163213366746,0.00691376886483951,0.00488599511544937,0.00402085881237776,0.00447083154029397,0.0118523686736385,0.00362992761012439,0.0680148641127675,0.00888270435623918,0.00532426559680975,0.0304738309999847,0.0710215954008828,0,0.0253914111969102,0.00348621764798991,0.0057286128934102,0.0151244173878233,0.00793936524884282,0.00626855810312759,0.0070454131208098,0.00847099193242507,0.00208249877872752,0.00416118532078311,0.00329526459591503,0.00147037092883294,0.00304428379288591,0.00128055918252778,0.00204177571025583,0.00219261419376654,0.00179708821280886,0.0013270919153126,0.00279703631422192,0.00143256558071606,0.00607882475789474,0.00111118148561471,0.00744910548638554,0.00285544458786573,0.0424355337460903,0.000515510570007697
0.00924977758513144,0.00273162013100017,0.00614393182017446,0.00207378814867246,0.0118763604126599,0.00897043613493206,0.0133918545366172,0.00704266441085352,0.00889264332250398,0.00470198642145412,0.0117615681358028,0.00387537766482957,0.0128617728084254,0.00589723170629882,0.00520907222043457,0.00931593557079457,0.0126101610284935,0.00927031190103093,0.00797943998096891,0.000629109673215943,0.0125022760354757,0.00172499627410592,0.0138588778667971,0.00412960516850496,0.0146875129030303,0.00528524263733784,0.00865197566373447,0.00603918258681456,0.00510294802127261,0.00568124125639436,0.0861583056284731,0.00452052277996755,0.0852693804928413,0.0108101788301338,0.00645997907903695,0.00604219598128117,0.0144768840869785,0.036252735977794,0,0.0262775609511237,0.00740238939257423,0.0195731764521767,0.0102468265455299,0.00807828153321198,0.0090578303505537,0.010973953085398,0.002638400044426,0.00525170301696065,0.00411732133944444,0.00183761624753998,0.00382403090679683,0.00161028255111702,0.00256885428826048,0.00278103658445377,0.0022790856840572,0.00169676741707967,0.0036104180704733,0.00184984320817336,0.00783355922189474,0.00142697044005329,0.0097209871246988,0.00367491756274612,0.0535936461923167,0.000657237713512607
0.0100257494570768,0.00293867870603957,0.00671302149760382,0.00225898410750296,0.0130813759006958,0.00993541026059153,0.0147670923990736,0.00780925226197045,0.00984669254594127,0.00517333026877365,0.0129988101038508,0.00435698560366324,0.0142561939454426,0.00648082372069802,0.00578221474797179,0.0103284876767688,0.0140102576941104,0.0102699061319588,0.00885420475859725,0.00365186545283459,0.0135940188685532,0.00181784413486745,0.0143790817296822,0.00422831528645762,0.0151635254884849,0.00525468762837928,0.00846062979173606,0.00569808539952218,0.00508620612286671,0.0334993688683052,0.0831563953206033,0.00422429258738778,0.0140697083329889,0.00992664368210858,0.00590737292099063,0.00554600623275796,0.0133743723063794,0.00560778282792147,0.0300107523663759,0,0.0496712437747247,0.0214787722546899,0.0109806737346478,0.00851487614276353,0.0096171157676526,0.0121846970870959,0.00267336144581604,0.00527198377104521,0.00403524493029412,0.00180006064152433,0.00380745259897499,0.00160944472826259,0.00256350852378556,0.00285573755184616,0.00233770528696011,0.00178227809170197,0.00389993671595367,0.0020250134462458,0.00873129276968421,0.00156934623277613,0.0106264894990361,0.00405108214966588,0.0532091721335867,0.000685949799377362
0.00694081243127234,0.00204790221918596,0.00465981206492806,0.00153856512946266,0.00886951178469136,0.0066458990345004,0.00986468133501223,0.00533048983499536,0.0065259828990667,0.00350126254057393,0.00871939061452365,0.00290564442695688,0.00947831461872856,0.00419645183562573,0.00371985024616656,0.00663434118952759,0.00897679814085555,0.00668919898721649,0.00590189424448301,0.00229656276803387,0.00936574235344823,0.00126792690308131,0.0100918923462103,0.0029470092173417,0.0106392710036364,0.00362536600356664,0.00578149317746199,0.00384711230098976,0.020904098369511,0.0221620136150945,0.00934109962756285,0.00271705733724175,0.00894131884738007,0.00628867520734854,0.00369095888559904,0.00343502931295742,0.00844827772638991,0.00346836113071038,0.00316930396090268,0.0172856094314833,0,0.0851830096396271,0.0461933755345547,0.0356827011193248,0.00671873356365624,0.00805890351605335,0.00190178375977178,0.00363189520353039,0.00278101958913943,0.00123761463469207,0.0026588995857352,0.00111830171666382,0.00178833253051225,0.00201078158725947,0.00163287934109847,0.00124110065423995,0.00271909429900519,0.00136942839311377,0.00590183015578947,0.00101809517492905,0.00716395261180723,0.00282299318692131,0.00509460639934125,0.000477805068359718
0.00347915036353312,0.00101782217765698,0.00235106421565944,0.000776540784595022,0.00452339910877666,0.00337627629122302,0.0050228503153939,0.00271172672306627,0.00330072174980196,0.00177874474025994,0.00444477839147235,0.00148775729734702,0.00482541613527802,0.00213235890802726,0.00187836687436917,0.0033356593470946,0.00454372553363918,0.0033630813228866,0.00300265378941432,0.00113495647251672,0.00472515970356553,0.000615940197009686,0.00481807962777506,0.00139265398871131,0.00490898857090909,0.00165406034525089,0.0026051717925708,0.00169967510506257,0.00154793734510382,0.00161614454319368,0.00409068854858957,0.00116566858392645,0.00391732723468635,0.00275161453908733,0.00160507745976671,0.00151322639613349,0.00367876018326852,0.00153604886661809,0.00139909196791722,0.00133926217857898,0.0152957281008936,0,0.0228515878474974,0.00279540567279828,0.00326585279863954,0.00409951278357092,0.000896261969142462,0.00168089285470059,0.00127730036083878,0.00056693950856754,0.00123970469730323,0.000523335091869718,0.000837801502782515,0.000962386870604633,0.000780410105847898,0.000603128967580862,0.001350315413898,0.000690283831280086,0.00298478242189474,0.000519098909083834,0.0219165748992771,0.00141687556229492,0.00228098912861441,0.000232143629363782
0.00517764168439537,0.00152288791412902,0.00348887145955715,0.00114485281546029,0.00663526525737374,0.00491603130039968,0.00729717131023324,0.0039734023794141,0.00478742874340086,0.00260788944321194,0.00649177413143238,0.00216792575925257,0.00700826846528322,0.00306396456268572,0.00269094005178314,0.00478885214094002,0.00648137557587105,0.00481625090391753,0.0043315238916269,0.000306103730267866,0.00700209141176539,0.00092713622024953,0.00729213040234719,0.00212250836657091,0.00741973358060606,0.00249774179810945,0.00393193283838219,0.00256122459829352,0.00232011393569993,0.00240032991478452,0.00601437366444033,0.00172665487143321,0.00577504765476015,0.00406122131549961,0.00236493179145665,0.00222048949904104,0.00541976536233316,0.00225129926161506,0.00204409197881367,0.00193343843425597,0.0225299954735197,0.06178227365182,0,0.0251098634201953,0.00494630562158923,0.00593752498191309,0.00136436222970954,0.00253923737584083,0.00193164022249455,0.000856783020129296,0.00187913739991458,0.000791376775189441,0.00126692586827599,0.00145397640897722,0.00117762061927084,0.000904618770246977,0.00201625856778238,0.00101414139113093,0.004367140064,0.000746983028472259,0.031945574493253,0.0121625623786285,0.00329953107079652,0.000348731166111261
0.00660951435777077,0.00196403727442353,0.00438956479830612,0.00143099103591861,0.00821554103434343,0.00604403555005596,0.00893020330334366,0.00490002518662051,0.00588373820676531,0.00324272489245657,0.00801653116330446,0.00265595172291581,0.00858937055024424,0.00372459670582682,0.0032730478363069,0.00581836523449453,0.00782883992890267,0.00586820795546392,0.00527941984345625,0.00037443518605219,0.00874400427196524,0.00122352208017795,0.00980870862298289,0.00291162710582238,0.0595092004,0.00342670030716009,0.00542334660130776,0.00353647786683732,0.019011682771065,0.00321391649047895,0.00787642040154538,0.0023153147146782,0.00762405750110701,0.00539754467380016,0.00313131217734873,0.00291527561463751,0.00716138231579611,0.00293895104179721,0.00266215754558202,0.00245457877453198,0.0288711153294782,0.0128854990420105,0.0418769992065835,0,0.0393930135805972,0.00725403921514413,0.00186704646696404,0.00350353017757541,0.00264382916976035,0.0011727649636475,0.00256080660711409,0.00107418142840249,0.00171320351746198,0.00195032075178422,0.00157798284905398,0.00119323054593366,0.00260792532744064,0.00127127505854546,0.00542952384505263,0.00090503510404376,0.0064904092813253,0.0150948553402591,0.00419989385982581,0.00046073985050816
0.00569623518664564,0.00169301797494444,0.00371607249921718,0.00120615583051758,0.00696351682962963,0.00498037173090328,0.00730175164257707,0.00404785842852849,0.00480082261599818,0.00272605976159568,0.00671923064543638,0.00221764167078439,0.00708911738359952,0.00300982300547117,0.00262651176342523,0.00464854511661498,0.00620586708104154,0.00463304428948454,0.00423630733326103,0.000288988788942837,0.0418377704456713,0.00600706816838938,0.0481905547172616,0.0140903751324459,0.0452111373369697,0.00267431801694737,0.00417985152165358,0.0026711786683959,0.00233629247523108,0.00234689127969603,0.00573142126486372,0.00166865683201731,0.00556057102405904,0.00394761213996853,0.00227278866789404,0.00212258680242424,0.00522759717057278,0.00213184886175268,0.00189689983937205,0.0017955321266714,0.00336432931237821,0.00984496578769356,0.00526484339518511,0.025251031289214,0,0.00594094560887997,0.00155633691529046,0.00279994032537721,0.00212027553904139,0.00093470141898605,0.00210012236956681,0.000882479299378976,0.0014078619492349,0.00164692693076595,0.00132400845488728,0.00102182339731322,0.00224486850392578,0.00107316030006519,0.00453644320168421,0.000738683760528397,0.00520474414481928,0.0121107915657614,0.00306102828860808,0.000392355641366273
0.00381582274776025,0.00103395925734457,0.0023489787499411,0.000846361403247728,0.00544629519982043,0.0040240339198721,0.00562519700005872,0.00279704248800338,0.0243090292065195,0.00217708363651525,0.00566825988636909,0.00193456693334702,0.0367072378261285,0.00278352286610603,0.00234637887471112,0.0233831154763601,0.0299162164253441,0.00344570082061856,0.00302397899261027,0.000208876717578675,0.00449303046068646,0.000582354907662629,0.00437110718943765,0.00126066692890148,0.0040345781430303,0.00138436222384987,0.00217179480617708,0.00139457633135381,0.00122314065221701,0.00127265044916308,0.00328980602972215,0.000933922745397512,0.0031372304801476,0.0022321050443273,0.00125860032899155,0.00122515166355198,0.0029803398466001,0.00123164260700263,0.00111633757832129,0.00107616055707909,0.00193984458662439,0.00593642130999595,0.00308342284533954,0.00225745824307132,0.00287306807804839,0,0.000809030418222683,0.00145973805646068,0.00110392523278867,0.000491387226512419,0.00112750691411836,0.000483099641854841,0.000771799577983183,0.000949109345695296,0.000761605907426461,0.000614430167775137,0.00144289683564128,0.000848341005301833,0.00372488128673684,0.00343311421094211,0.00339561214325301,0.00122451147123887,0.00190252046581156,0.000242534911792755
0.00974013672885384,0.00277224026371787,0.00530913054028182,0.00181664498280522,0.0105158453175309,0.00709398031104716,0.0102186107118839,0.00563560807026762,0.00684126711774186,0.00419819006443444,0.0101841827156296,0.00319137255846407,0.010365084505692,0.00434519730015622,0.00372767770507088,0.00640530448032696,0.00852846683072536,0.00638965440247423,0.00578269982699928,0.000407024330585148,0.0100733268612542,0.00177447273249671,0.0150736774229829,0.0282496146531499,0.0114929026884849,0.00495966254438137,0.00821563066120242,0.00531328472201365,0.00354397760455459,0.00348194626392561,0.0084205201597248,0.00252348911013521,0.00836351846420664,0.00621569682873328,0.00350807755088663,0.00326459977690832,0.00809526907651077,0.00310212654495041,0.00270943531171171,0.00241039086464474,0.00473612228688383,0.0133224505940819,0.0072789972804908,0.00592212716577859,0.0076091200852232,0.00847406882604331,0,0.0344722950327964,0.00633138661433551,0.015145830322967,0.0419262850984625,0.0181055052916836,0.00478099471518159,0.00540721997087436,0.026180349317645,0.0144693065356205,0.00436065913402589,0.00177317974905838,0.00708768588463158,0.00110199003061151,0.00717608263771084,0.00274289771228441,0.00439361974833254,0.00112827811176138
0.00734658550378549,0.00218651799182247,0.00441887234148363,0.00147112126326353,0.008395877452211,0.00597232049701039,0.00872695484163758,0.00473945566034614,0.00575313820181197,0.00333969238836701,0.00814519020802132,0.00261145112789322,0.00848371972742075,0.00362110255252784,0.00313110846219563,0.00547573202661858,0.007422143096739,0.00552372508865979,0.00502800466708604,0.000356509796879003,0.0086475810146155,0.00142593362767557,0.0124091175387775,0.0229830059804977,0.0105544267006061,0.0279519660643907,0.043374985620161,0.00469074138266212,0.00336792019102478,0.00330441654352165,0.0078720924155385,0.0024145337165603,0.0078098388701107,0.00577753567206924,0.00334088061662932,0.00305815416800921,0.00751586310179716,0.00298007326072455,0.00258657999733119,0.00228320146796625,0.00432281971245892,0.0119979528903121,0.00652219941933573,0.00540406225693199,0.00665490692452273,0.00706692570054783,0.0163542531151245,0,0.00386298778581699,0.0101171262020551,0.00379927695465528,0.00155673300628873,0.00251126539784603,0.00276257827199587,0.00225746328624898,0.00153586731785057,0.00307203112732533,0.0013460224009304,0.00550771105684211,0.000905210917714133,0.00619932734012048,0.0024474376184838,0.00406223560779097,0.000612071556536174
0.00546458781236593,0.00158316814308343,0.00311972174832178,0.00106385492064401,0.00599423945822671,0.00416553615859313,0.00605085626323928,0.00334267412922246,0.00400767085175506,0.00236856126250933,0.00577495882078614,0.00183747170999589,0.00593525332822449,0.0025439206507296,0.00222376616682197,0.00384252878790239,0.00500746684131432,0.00386368873237113,0.00345147159025307,0.000253231284733268,0.00598955745209558,0.00104612992962854,0.00897324005261614,0.00284858489498685,0.00725773793333333,0.00326054531477126,0.00565393844906688,0.00386195744467577,0.00231243735367716,0.00230030581939406,0.00556397243600953,0.00170587377085992,0.00561721024339483,0.00428772737927616,0.00244649641198414,0.00225795183171461,0.00551653705000526,0.00209172873239425,0.00180070317329052,0.00153947323262834,0.00302939532936293,0.00830796533837049,0.00453693897001904,0.00370792435763694,0.0046764983839012,0.00492717417531622,0.00289414487049101,0.00358831153760092,0,0.0116148102984144,0.00503369885044539,0.00206097235882885,0.00328291755072813,0.00319415680532748,0.00247148318907545,0.00131878700724191,0.00237100452818701,0.00100358057994107,0.00395331115789474,0.000644826755952433,0.00434999794144578,0.00164493053961181,0.0028900322466635,0.000630448638803752
0.014145700158591,0.00408664286307242,0.00817372721296653,0.00276358322209798,0.0155529751849158,0.0109383273039808,0.0159363872451476,0.00874701016260025,0.0105145127084908,0.00617285229199846,0.015066015473018,0.00478383656731006,0.0157073934733414,0.00664139514898454,0.00577807498222127,0.0100387992564491,0.0134211402219219,0.0102023491793814,0.00913502947420101,0.000664862124089634,0.015817388140698,0.00271099110990071,0.0233829000250367,0.00739040299827635,0.0192693803309091,0.00866051697782854,0.0897006528355838,0.0646113285430603,0.00617613037690556,0.00614355497762224,0.0148771752191585,0.00462196580413196,0.0150779205430258,0.0114360669540205,0.00655532332690226,0.00602670967039509,0.0147105181468839,0.005597079861356,0.0048796996868076,0.0041670894700481,0.00799756956583454,0.0218647529000405,0.0119430361072139,0.00984292972593745,0.0122174798990343,0.0130060364717166,0.0413215058681674,0.0585870084456451,0.0745816227226579,0,0.0650664262204027,0.00455758970359257,0.0072380715482903,0.00732004810538298,0.00575904104800103,0.00327041408654335,0.00606361244331883,0.00257664479818509,0.0102802354273684,0.00167553345447932,0.0114691747926506,0.00437820492101599,0.00776596981860333,0.00148201844617598
0.00387972528830705,0.00110665004256666,0.00210845722295683,0.000734272844646385,0.00413269927164983,0.00285074118011191,0.00404938431793835,0.00224653346927142,0.00273637148814933,0.001655699980821,0.00404129021644237,0.00127467960967556,0.00403049212807206,0.00173237410516869,0.00148436065819192,0.00258210134896983,0.00337113803459392,0.0025549836643299,0.0023074833731598,0.000166163691711304,0.00404271085228675,0.000718648828591188,0.00603596262885086,0.00190891227921505,0.00470342239151515,0.00206097860922431,0.00354414071900626,0.00238295383626849,0.00145148211391829,0.0014357759620038,0.00346670400768457,0.00107160798766901,0.00348591387055351,0.00261323919447679,0.00150670955595242,0.00136731452618335,0.00343731389912769,0.00129040539159684,0.00112185439037374,0.000983226367113004,0.00195490904718363,0.00538106420825294,0.00294787824715887,0.00240338368304484,0.00307923315190606,0.0033227266606855,0.0127561812581397,0.00233953132019642,0.0032948866564597,0.00726226803919701,0,0.0112475215194201,0.00305836507160594,0.00287697907543396,0.00206322015257955,0.000993830885526506,0.00172330968047382,0.000719282294443141,0.00278213833431579,0.000447866288059889,0.00286711269313253,0.00109589032620794,0.00183337795395091,0.000543878004866182
0.0106121187947844,0.0030143614648106,0.0057135697456736,0.00199752139455156,0.0112247948566554,0.00775401307881695,0.0109552579673658,0.00609198785552047,0.00745695985200091,0.00452142477370737,0.0110325268557229,0.00347413512666119,0.0109386075538957,0.00470009157367459,0.00402692114923702,0.00700280382165164,0.00914613444545567,0.00690926772618557,0.00624316310247288,0.00044743488372763,0.0109150563475742,0.00194951489881059,0.0162928323059169,0.00512062970100749,0.0126155933248485,0.00549912366696428,0.00944558349686575,0.00628807674168373,0.00387241525315472,0.0038267366660134,0.0092490580597195,0.00286046953384532,0.00922306426302583,0.00695700052182533,0.00400294912992932,0.0036226348403529,0.00918962496752496,0.00343879041752682,0.00299866099402373,0.00263736283472281,0.00524699320196022,0.0144462477808837,0.00792595044659192,0.00644548328777097,0.00831984313675473,0.00903476624922415,0.0346963539234647,0.00626440014268478,0.00867059210050109,0.00324426659070432,0.0711940579186211,0,0.0544792639103012,0.00824923042387043,0.0347228794602173,0.0027383259130185,0.00473167956400231,0.00197269109245717,0.00761300550905263,0.00122236734078823,0.00773960296638554,0.00295996869163639,0.00490344669181314,0.00154878218373161
0.00445182270464774,0.00126721130043695,0.00239553021033326,0.0008389639431371,0.00471497275815937,0.00327231516776978,0.0044953120795433,0.00254920171811228,0.00311603056431596,0.001894259662952,0.00465352170427715,0.00144920463423409,0.00458236784848086,0.00197009122401197,0.00168240406982689,0.00292239452559202,0.00382981296099194,0.00286503066226804,0.00260555143464931,0.000187377154554847,0.00454037719373208,0.00081630434435282,0.00680309793310513,0.00207452489759255,0.00518604622545455,0.00227847282431843,0.00384974520061214,0.00261421163519909,0.0015917099322706,0.0015731064359564,0.0038495042406986,0.00119740420248783,0.00385276550833948,0.00289605685011802,0.0016619990272114,0.00151546257644802,0.00381649075001576,0.00142964814596236,0.00125631336630095,0.0011029645244823,0.00218790604842894,0.00585945532925821,0.00327064251139412,0.00267732563529373,0.00345235534931066,0.00380357422916966,0.00238189893724758,0.0026076784594758,0.00367159803408497,0.00135885161576046,0.00520505732266016,0.0134813524435666,0,0.0227671510852733,0.0151867997161747,0.00117304498818642,0.00197987230511452,0.000837107594932854,0.00320749521178947,0.000516551491738367,0.00319408467253012,0.00123724050182582,0.00202078443125257,0.00365969619481122
0.00428254408744479,0.00116974337222639,0.0021782734943592,0.000776218846657448,0.00450481919245791,0.00301767401259792,0.00421196924307291,0.00232341716760152,0.00290306686827225,0.00183439032569296,0.00446208915717522,0.00138574961370842,0.00435632517761996,0.00187394870920392,0.00157587100812994,0.00271308246664263,0.00350154792870428,0.00259132821195876,0.00236250057032538,0.000165333874877966,0.00408292173882114,0.000732876531251896,0.00594777555677262,0.00181461016002428,0.00447306883636364,0.00187871459032345,0.00307178509048991,0.00202207545098976,0.00133196789963831,0.00131183763949205,0.00322020988085737,0.000982904349291509,0.00318174338199262,0.0023502335018096,0.00133589605758088,0.00122622573581895,0.00311884789477667,0.00117840778601902,0.00104352476575506,0.000937556807582998,0.00187355359601038,0.0052286305988488,0.00287204532554263,0.00231083681495946,0.00305957846951311,0.00354073767712032,0.00200225003414246,0.0021665027806798,0.00265598379590414,0.00102348489744811,0.00364300918733374,0.00161136745891811,0.0176542152169265,0,0.0143949265230146,0.00112169528663429,0.00195546403299125,0.000811355906600955,0.00311044355705263,0.000490097429144456,0.00288606656783132,0.00109689946463573,0.00169794110601425,0.00397322581607934
0.0113438158176236,0.00310249046675245,0.00588351821125177,0.00205482889443303,0.0119813536021549,0.00805880436745004,0.0114639707264198,0.00624039463017307,0.00774465225254723,0.00486810480120448,0.0118030513582145,0.00366459278998768,0.011830764459269,0.00495186329451886,0.00420455909791551,0.00722660781667027,0.00930276577123373,0.00700191565443299,0.00631462962939985,0.0004460037567654,0.011023077038181,0.00195643901216913,0.0161947567866993,0.0050234525326401,0.0120970593624242,0.00507570008296055,0.00839988639340157,0.00539605224810011,0.00363227872375084,0.00357749690086191,0.00873120851359619,0.00261654221975122,0.00862013755084871,0.00629751561463415,0.00359361082013906,0.0032916238294438,0.00833761789893852,0.00317021036322202,0.00278160296731424,0.00251069389632994,0.00503825815535313,0.0143026670616619,0.00782106815807066,0.00625003560623531,0.00830291786556534,0.00960636829388785,0.0320771246010858,0.0057985366658657,0.00669691459652505,0.00262393244069411,0.00858743616053691,0.0222795296744013,0.0380264547769813,0.0462238636437091,0,0.017648454155883,0.00520573427621993,0.00210517629157892,0.00827926790231579,0.00127646786668152,0.00784767732927711,0.00292962766780194,0.00460829816967854,0.0084408794867035
0.019311146246898,0.00522472493194702,0.00966892961512562,0.00338381297771237,0.0203366558967452,0.0135710776189289,0.0192253437167966,0.010295860524103,0.0130567339512133,0.00832849849068588,0.0201623690186276,0.00628937245356058,0.0198562359775507,0.00836611497237826,0.00700589807032272,0.0120429654690612,0.0158800815086175,0.0115603575917526,0.010588571825423,0.00071884413381391,0.0183418077199015,0.0179350860065404,0.146770259750807,0.0447124127191341,0.0187543445660606,0.00741074204142433,0.0118501351835914,0.00745614398953356,0.00559526494044206,0.00551636244133987,0.0135148502656576,0.00391977810522445,0.0131744011862731,0.00951370810634146,0.00534821636928805,0.00504334490212505,0.0126066385235313,0.00490708464828982,0.0043467201833699,0.00405285282262913,0.00787362609052753,0.0230296179183786,0.0123688500081405,0.00983464274279663,0.0131338055093835,0.0161769541182274,0.0383200587573651,0.00830348975520439,0.00770892381716776,0.00321774770134059,0.00877057323302013,0.00369937560349698,0.00609568899655316,0.00788473002851132,0.0379688317386834,0,0.0527304664762975,0.00350148041383296,0.0140796838618947,0.00213284031504423,0.0127860858536145,0.00492442661370882,0.00723281031257641,0.00962425771077653
0.0635100494668349,0.016784588507486,0.00536208219370462,0.00188276294772422,0.0116507214127048,0.00762490512447642,0.0106946298921807,0.00573222297293373,0.00739339144549966,0.00473708740189937,0.0115181509565889,0.00363620306293224,0.0112771893601247,0.00474444688834968,0.00396259571026288,0.00688782502608487,0.00887874271283323,0.00636147084206186,0.00581560985395517,0.000391862675423263,0.00990711697988125,0.0092229965057861,0.0123976054914425,0.00361238711243374,0.00963917170666667,0.0036096318875086,0.00569541756971082,0.00358343354279864,0.00284831263882117,0.00284340398635336,0.00706067640129135,0.00202798919052461,0.00682870917343173,0.00490634794961448,0.00272674679000172,0.00259796541851937,0.00643808601446138,0.00256128870955677,0.00229811289673356,0.00219072996875956,0.00414328245419429,0.0123792436250993,0.00660623218982018,0.00511265922287605,0.00689742308332422,0.00916951246976624,0.00271753060731674,0.00398962329573879,0.00338445943843137,0.00144435140398775,0.00369334983989018,0.00157140778617035,0.00257723304339197,0.00331919015939601,0.00265884488234637,0.0123874828150171,0,0.01156928670178,0.00795683046568421,0.0011914372930244,0.00694851023240964,0.00265429306929713,0.00379528914048456,0.000817990391050493
0.140701396204837,0.00609543381088182,0.0126407743718005,0.0046423350606045,0.0311263583586981,0.0201802035170584,0.0277075671938411,0.0142948868821883,0.0199638388600956,0.0806968456605328,0.0330595204410127,0.0103479609296345,0.0314957039411329,0.0137108367410337,0.0112313061505564,0.0191402462393653,0.024187183770341,0.0164721788131959,0.014726427754953,0.00100300458594954,0.0234830507385373,0.00333694377165551,0.0250505751917848,0.00723341373357071,0.0211895571648485,0.00746832733442275,0.0116508131372672,0.00740775090386803,0.00629312971933021,0.00641378789337066,0.016334961913014,0.00455836331045971,0.0155968966323247,0.011052325955295,0.00619950375786244,0.00599537977291906,0.0147599814947977,0.0059581302133981,0.0053646318967514,0.00526888841664222,0.00968024870648602,0.0295767217037698,0.0155018174979649,0.0115996124144432,0.0153913389979391,0.0254966042924882,0.004959064299426,0.00811810596515018,0.00643547489849673,0.00281483601388227,0.00683693082511287,0.00295698213905612,0.00481438419098098,0.00615885286148287,0.00481482689246361,0.00391533760822569,0.056334518849751,0,0.138974458324211,0.00351245625367686,0.0171205926457831,0.00627588511994399,0.0092060361442787,0.00159939168298474
0.00553744953352261,0.00141591290304628,0.00302650812355774,0.00111300286076254,0.00750420917854097,0.00498092406816946,0.00681305423600718,0.00348220384826678,0.00495829273968586,0.0194679519453764,0.0469858694107661,0.00258434810944559,0.00786478089417634,0.00346556542512215,0.00282918977958253,0.00479294783271066,0.00607541894323621,0.00407637068371134,0.00363021729075922,0.00024768270706591,0.0056564618881622,0.000780001756473419,0.00582381292713936,0.00168028880643334,0.00505939820848485,0.00176610047439594,0.00275640491810394,0.00175546622466439,0.00150985364640322,0.00154818718448955,0.00397549873450119,0.00111079831835587,0.00379948830583026,0.00269812812992919,0.00150531103879561,0.00146124306884542,0.00357272092552811,0.00144806071282736,0.00131889288267594,0.00130105090700103,0.00234795674769674,0.00719357389681395,0.00377831279084409,0.00278094403772961,0.00366323860008503,0.00639482984891438,0.00112569300802213,0.00190202176509151,0.00148091705001089,0.000652631143382103,0.00156395311122636,0.000672600517603267,0.0010900090126877,0.00137685594483577,0.00108722695851935,0.000883405802657849,0.00210146547201006,0.00747448804810139,0,0.00444514092611604,0.00419826001337349,0.0015088316364915,0.00225721199151227,0.000359677830118203
0.0618981961341746,0.0162221356113043,0.0360250624298695,0.0133437434405768,0.0873587258284175,0.0631132647396323,0.0881390313941086,0.0429224070907083,0.0653003526657136,0.0364507045854485,0.552443838794404,0.187739802554579,0.596310082054253,0.328497260471863,0.273641623518302,0.417694644865777,0.0903471203882951,0.055654781552165,0.0475047734812871,0.00351398463652059,0.070150020543328,0.00929640971487918,0.0682765802055746,0.0189582469861218,0.0630848460351515,0.0215032855112769,0.033248686221747,0.0218003586441866,0.0190185137028265,0.0200338624106149,0.0526317979268801,0.0145015428087399,0.0501926899878967,0.0352129995612431,0.0200952364762397,0.0198158729161181,0.048032627583752,0.0196248642886703,0.0175539648777808,0.0174307171172494,0.0307715539319112,0.093836037056895,0.0480585281259319,0.035512077889631,0.0451422889841158,0.494407259901448,0.0126973321056501,0.0228985637729124,0.0173066170421133,0.00775036742739707,0.0179336420339231,0.0077255570272706,0.012064793316639,0.01545000536843,0.0124076376632799,0.0100652897030774,0.0234683305299271,0.014711032665972,0.384885658021053,0,0.0527366380504819,0.0191807268347365,0.0314700854853903,0.0040949376156634
0.00529586463772871,0.00152850151974953,0.00356729002059495,0.00119356712745555,0.00703731418145903,0.00519449485019984,0.00771864495457185,0.0248166495111321,0.0050580245569588,0.00273269925743405,0.00685947638489007,0.00231201999888296,0.00741410352437901,0.00324594969294997,0.00282238465008763,0.00497273300975598,0.00676821628885307,0.0300463257591753,0.0264542821960231,0.00161010557346726,0.0411665089564779,0.000899048881470487,0.00691154770151589,0.00198051042455998,0.00668880251393939,0.00227180197351361,0.00356388366519726,0.00230263088283276,0.00206796695689216,0.00214185596425957,0.00539255608999206,0.00154038075154137,0.00517400280915129,0.00365505349636507,0.00210379848511636,0.0019941509033832,0.00486000963592223,0.00201768882359846,0.00180768522057265,0.00178237885276555,0.00320301581432113,0.0571715301816944,0.0306849706345674,0.00379009945321198,0.00466363601593684,0.00634235911475692,0.00128293620692254,0.00234557016306613,0.00178217043460784,0.000788002291990473,0.00175904836434411,0.000745610204554173,0.00119555671800107,0.00140632738510938,0.00113513119235281,0.000890467317271882,0.00202904471731223,0.00106180326694725,0.00457422490442105,0.000792753183733602,0,0.0118926003346066,0.00302190742232779,0.000343836954929475
0.0142081123334805,0.00415471832917392,0.00958027578766868,0.00314845209605689,0.0183967124796409,0.0134100491632294,0.0198785587382939,0.0109008072476961,0.0130279840314136,0.00714437469045425,0.0178046968778681,0.00595776717395483,0.0191193228111277,0.00828204219424962,0.00722432410966446,0.0127938282657435,0.0172734870440918,0.0127694288156701,0.0116845486293854,0.000793214995738299,0.110940223147424,0.00248665589915273,0.0192890207356479,0.0055780555272021,0.0188515790824242,0.00637126682776386,0.00995909176374441,0.00642703734234357,0.00579237158408573,0.00594597349848215,0.0148364380594655,0.00424896580668469,0.0142741730026568,0.0100519046752006,0.00580303037225306,0.00548194798527043,0.0133864960867052,0.00552546610133171,0.00496451251344572,0.00482800528216387,0.00881764836781781,0.0266872479566437,0.0851483942538608,0.063494693105901,0.0793544686650228,0.016192088134691,0.0035968660988036,0.00654718714979912,0.00498488423885621,0.00220719096656005,0.00491443131557047,0.0020762544680961,0.00332710990227205,0.00388252265698909,0.00313542464930992,0.00244643240180221,0.00548425794445411,0.00278639253308717,0.0119244880808421,0.00202708537774275,0.0867966066327711,0,0.00817024928160887,0.000940931584051458
0.00548627168086225,0.00158604811859763,0.0036462296023261,0.00124161948042671,0.00716693805396184,0.00547057930065548,0.00815419064061328,0.00422644266973744,0.00546386319919873,0.00284414815445116,0.0071686016291539,0.00237153439352772,0.00790206590661355,0.00370164140668107,0.00329633575398732,0.00587991443948551,0.00795707211233726,0.00573795690804124,0.00485772168890817,0.000395699448147298,0.00745209024892107,0.000998424805513114,0.0079136937408313,0.00233573667180255,0.00836012474424242,0.00296011934985489,0.00486178031475306,0.00334782991101251,0.00286291835215003,0.00318108802892511,0.00855914751481344,0.00250994260897783,0.0084095648,0.00610998835768686,0.0037306434636419,0.0217368288955581,0.00820287241528113,0.0206348413021979,0.0183300475180091,0.0158946789486886,0.00431732477307581,0.0116491609194974,0.00604257975763063,0.00463511472415688,0.00525910714945237,0.00676724262025527,0.00146381341418396,0.00296722715707417,0.00229483711081699,0.00103016553243961,0.00214657611730323,0.000905968438173013,0.00141525731524599,0.0015808527939085,0.00130234741527548,0.000978969781506665,0.00209830564751612,0.00111814507827792,0.00477144834526316,0.000895023506387994,0.00580901357180723,0.00218370991965148,0,0.000378075281795157
0.0722807875121136,0.0189999771864222,0.0357969144072885,0.012961309839514,0.0758479860695847,0.0502428481427338,0.0696407727388811,0.0381204568139806,0.0490885787515957,0.031593894109834,0.076237235643038,0.0235203812143655,0.074313102756307,0.0319233098262523,0.0268319940603605,0.0457814576150403,0.0582452091378797,0.0424437995719588,0.0384975367546638,0.00268927619625827,0.0662634174627545,0.0117497502468817,0.0924964799861125,0.0271959006348695,0.0688434757478788,0.0278509313648301,0.0450536853590381,0.0291583135622867,0.0201794821847019,0.0199098997112769,0.0495716069769992,0.0148925639874959,0.0485310993896679,0.0354892134764752,0.0198910781775556,0.0185045849627618,0.0472432441558802,0.0178699194493989,0.0159659907267006,0.0146773121256431,0.0292516379683713,0.0822716979109526,0.0455779487665242,0.0361580911645077,0.048475327056779,0.0595664778439811,0.0285167995667566,0.0323015771084395,0.0358454915158606,0.0142108689302212,0.0470041762494814,0.0203780333845396,0.224151152453599,0.310801942544854,0.206076409678808,0.108957358115325,0.0331560585276042,0.0141242343507679,0.0540618591578947,0.00844407797023325,0.0465025888928916,0.0175611617486048,0.0264715000726524,0
