"5376243","5376041","5376246","5376054","5376147","5376020","5376497","5376823","5376863","5376250","5376400","5376622","5376403","5376895","5376122","5376113","5376036","5376100","5376828","5376616","5376834","5376670","5376111","5376126","5376606","5376890","5376869","5376318","5376306","5376248","5376520","5376130","5376275","5376892","5376001","5376233","5376377","5376364","5376563","5376845","5376736","5376109"
0,9.41085573795199e-08,2.7155348328609e-08,4.36017151990986e-08,6.04123897293707e-09,1.18272731625869e-08,1.65052502987651e-08,1.64701560635041e-08,3.51896068979982e-08,2.85983899302194e-08,6.7505100489951e-09,7.40699094447477e-09,1.76786428503804e-08,5.19610466289579e-09,7.3319968153864e-09,9.90290309276211e-09,1.11348869691656e-08,1.60355478988672e-08,1.12841766505835e-08,1.30686456726844e-08,2.5855514326472e-09,9.80546821291755e-09,4.39066269472369e-09,1.03915279107854e-08,8.99361682214674e-09,1.0320598453559e-08,1.30959597032578e-08,4.64040709719654e-09,7.05882966654133e-09,7.88457792861682e-09,1.38762906139466e-09,4.4036885050338e-09,6.07137916323377e-09,3.43782809345387e-09,1.68137418436617e-10,3.96538544743708e-09,1.21090367839729e-08,2.66597165830844e-09,2.49430696098042e-09,4.60652185305842e-08,4.73689273247606e-09,8.74483545598957e-10
2.84154985532393e-07,0,3.07983363561126e-07,4.82091850606184e-07,6.00684802308508e-08,2.31667278189838e-08,3.28227644639599e-08,1.97954209120101e-07,6.80127108047729e-08,5.55951479536795e-08,1.33130112988701e-08,1.45458233107397e-08,3.5247101148471e-08,1.02769945715846e-08,1.46472007651919e-08,1.94375731298296e-08,2.22072915805063e-08,3.12011326727209e-08,2.22386759028815e-08,2.54427520487466e-08,5.14285828432967e-09,1.95444648590636e-08,8.62784904615967e-09,2.03947438619866e-08,1.75723273194922e-08,2.02969697670948e-08,2.57424760808787e-08,9.10920572036592e-09,1.41275425990053e-08,1.55979980979858e-08,2.72597141218367e-09,8.62724999686069e-09,1.20288571295074e-08,6.70724240996839e-09,3.29943804400315e-10,7.67936451618227e-09,2.37245453770085e-08,5.20260311116942e-09,4.91550035741743e-09,8.92069089051213e-08,9.39840114778494e-09,1.66716767637396e-09
2.21241700720176e-08,8.18997668465121e-08,0,2.40068136760089e-07,5.29854536474165e-09,1.02401708259836e-08,1.51153948155842e-08,1.58131732246632e-08,2.07940236873349e-07,2.91516206623449e-08,6.67287146999586e-09,7.46894050228731e-09,1.67303723817639e-08,5.00779805083213e-09,6.94705085982724e-09,9.65910957607137e-09,1.12275602852938e-08,1.65199609522623e-08,1.16306927085192e-08,1.3158490391303e-08,2.55970789564356e-09,9.91923895836749e-09,4.30784208644669e-09,1.07636627180747e-08,9.1893259088935e-09,1.05758033796327e-08,1.34121103660591e-08,4.64244206356111e-09,7.20704963149337e-09,7.90338083624578e-09,1.37783110129383e-09,4.39997569182147e-09,6.09288386417687e-09,3.46454562608309e-09,1.70130751542109e-10,4.02104668275917e-09,1.23917791161043e-08,2.67870611118636e-09,2.47714087643562e-09,3.9346650007082e-08,4.53475037966955e-09,8.89241347400184e-10
1.6454670843459e-08,6.22316886760761e-08,1.1829276782683e-07,0,4.09210083611108e-09,7.94672946540843e-09,1.16723525228144e-08,7.35905904111254e-08,1.52866055529578e-07,2.14291051727566e-08,5.07068960246832e-09,5.55978143371516e-09,1.28312832309083e-08,3.79762415142589e-09,5.30076277761703e-09,7.24115306098627e-09,8.39934469610328e-09,1.20544881111378e-08,8.55430844208366e-09,9.69421433215398e-09,1.92579051611642e-09,7.39850722196551e-09,3.21600194262214e-09,7.86108489125758e-09,6.74273285819612e-09,7.80682235044949e-09,9.87926542294613e-09,3.4447694017345e-09,5.38775001015836e-09,5.89255690920076e-09,1.02522169059496e-09,3.25915693976026e-09,4.55209102335057e-09,2.55460375034437e-09,1.25406430750184e-10,2.93862053549327e-09,9.08063972744891e-09,1.97423374202954e-09,1.84703739955147e-09,3.03885506161348e-08,3.44223647117182e-09,6.44415890646172e-10
2.90764086618326e-07,1.12178928660216e-06,3.15430664097918e-07,5.25241979141547e-07,0,1.0000925328358e-06,1.46397218110349e-06,1.29762715854554e-06,4.34442576396947e-07,3.60560109380449e-07,8.7822897210279e-08,9.58811321780616e-08,2.50221363870448e-07,7.15454446499837e-08,1.04143004686616e-07,1.33977057271739e-07,1.5162033533803e-07,2.02624119474544e-07,1.4696836223258e-07,1.69123155069703e-07,3.56819264012551e-08,1.33547670934756e-07,5.91761255644644e-08,1.34559254104731e-07,1.17422081087541e-07,1.36574556098314e-07,1.72344276451192e-07,6.1860260557007e-08,9.67908682850817e-08,1.0671866837179e-07,1.8685324833411e-08,5.87600775178428e-08,8.38325228202888e-08,4.52219116312029e-08,2.22657927967258e-09,5.10854366053921e-08,1.57324198717797e-07,3.5153647240776e-08,3.38097426643568e-08,3.71757273628619e-06,6.60674946510474e-08,1.09092900236977e-08
4.21559407394993e-08,2.68093177728652e-08,4.56113148203444e-08,7.45191191390286e-08,6.21290747060042e-08,0,3.5428816162601e-08,3.08228198303028e-08,6.34289890645716e-08,5.23924898392864e-08,1.29129151941949e-08,1.41878281067939e-08,3.85421604655058e-08,1.09978104861405e-08,1.66128249623578e-08,2.05776500143964e-08,2.35526397222537e-08,2.97542867557941e-08,2.20191462146683e-08,2.56630477562067e-08,5.59112979099344e-09,2.06824727294409e-08,9.21801522895717e-09,2.01178097111768e-08,1.77717473917391e-08,2.07753546736158e-08,2.64338512305653e-08,9.57375307982004e-09,1.52449122607867e-08,1.67372756409572e-08,2.91728069601079e-09,9.12581989873575e-09,1.31852940628156e-08,6.94173892603069e-09,3.43233793719911e-10,7.69730153038797e-09,2.39335350141914e-08,5.42107099360433e-09,5.32210344940937e-09,6.13573348070658e-07,1.05679842851147e-08,1.6505073357017e-09
3.01528783883037e-08,1.95250241597608e-08,3.40813565829642e-08,5.63985019644164e-08,4.4178029956088e-08,1.81350800181232e-08,0,1.43326676688024e-07,4.84003572919854e-08,4.03811406725138e-08,5.82030570942906e-08,1.09950277682885e-08,1.81360806582667e-07,8.332252811888e-09,1.21047022072984e-08,1.57242415690262e-08,1.78166508555194e-08,2.31533684337347e-08,1.707405890935e-08,1.95772344945417e-08,4.15539727051139e-09,1.57593363542862e-08,6.95310854079685e-09,1.55976293875172e-08,1.36240677424025e-08,1.59945358748493e-08,2.03112827927403e-08,7.20405294279044e-09,1.1596530419937e-08,1.25542514098461e-08,2.17204326413524e-09,6.82316566770495e-09,9.86085492995016e-09,5.26781701411622e-09,2.58246890277829e-10,5.87052268127694e-09,1.82963198021256e-08,4.07443208382097e-09,3.94876284507218e-09,6.79167451083548e-08,7.69183208761018e-09,1.25979466789201e-09
3.66445039360763e-08,1.41988246489422e-07,4.3175470521426e-08,4.08638825148798e-07,4.97073715689675e-08,1.93355288008059e-08,1.79938490149392e-07,0,3.61358020962618e-07,5.12064479057686e-08,7.18620422100647e-08,1.36163185010293e-08,3.21686100681342e-08,9.46872873485805e-09,1.31410576123876e-08,1.81732009815493e-08,2.07509344904043e-08,2.89586727064345e-08,2.08022745027155e-08,2.35569820677976e-08,4.76504851546187e-09,1.84244345700359e-08,8.01595787873093e-09,1.90125792494205e-08,1.64207851883772e-08,1.90172687926458e-08,2.43695028314437e-08,8.44672318170062e-09,1.34358544858354e-08,1.45571016415251e-08,2.52069941952353e-09,7.98333319454275e-09,1.13337204003063e-08,6.25673907908545e-09,3.05557123946885e-10,7.09399462616437e-09,2.205614481409e-08,4.81306806963789e-09,4.55437452931044e-09,7.30882073410089e-08,8.5730711214561e-09,1.54635544866437e-09
1.7533932625809e-08,1.10757393182588e-08,1.31584465723429e-07,1.98468087676355e-07,4.49430885430023e-09,8.78050062620693e-09,1.32525965552429e-08,8.43275743153598e-08,0,1.60044955625304e-07,3.55424948790835e-08,7.06913834477722e-09,1.51655628069759e-08,4.62609891452682e-09,6.32189401576457e-09,9.20339627976229e-09,1.05856155680884e-08,1.56099369078352e-08,1.10899734411989e-08,1.24298145544165e-08,2.39964094034558e-09,9.47237607882302e-09,4.09466310058786e-09,1.01500747387267e-08,8.67227170352515e-09,9.98013170405324e-09,1.28467057142787e-08,4.356896383812e-09,6.93790386901326e-09,7.48312890594328e-09,1.29411559452455e-09,4.13306591693318e-09,5.8225813381845e-09,3.28649165120509e-09,1.59423203146036e-10,3.76179240371878e-09,1.17388225622267e-08,2.51306115024234e-09,2.33155087764745e-09,3.33874599866454e-08,4.18586596863433e-09,8.26228780480019e-10
1.64184166473601e-08,1.04292695589831e-08,2.05198993224993e-08,3.2582386877997e-08,4.28089794289248e-09,8.38119906216635e-09,1.27213035799063e-08,1.31606020139267e-08,1.8561453228578e-07,0,3.4477681588984e-08,4.15504598942885e-08,1.47946979944673e-08,4.58252642165681e-09,6.22439397429825e-09,9.32956452830384e-09,1.0679277107877e-08,9.79147069720601e-08,1.13148383421901e-08,1.26186235976292e-08,2.40927055874249e-09,9.5778731796026e-09,4.15391576270189e-09,1.02983039097306e-08,8.79572595333241e-09,1.01410690934824e-08,1.30165076484633e-08,4.39605115404434e-09,7.07289982824308e-09,7.58084327692051e-09,1.310235380471e-09,4.18085781169555e-09,5.89976612094888e-09,3.32270591234576e-09,1.61293770259915e-10,3.81037604847554e-09,1.18740336329563e-08,2.54395595736279e-09,2.35632401202414e-09,3.18081882195828e-08,4.15928870301828e-09,8.3479994321289e-10
7.63951352856798e-08,4.90188380637542e-08,9.22877559306874e-08,1.50496410613184e-07,2.05608433416543e-08,4.10396616157458e-08,3.84676203382185e-07,3.81202748049414e-07,8.09825892123528e-07,6.76399073720989e-07,0,1.84321318826677e-07,4.46323469112799e-07,2.16503393636732e-08,2.95480098929432e-08,4.26086517964375e-08,4.81717902023257e-08,6.72459276772466e-08,4.86525104788407e-08,5.49482012987995e-08,1.09677113379766e-08,4.27991063246233e-08,1.87175922441835e-08,4.42482609193488e-08,3.82001001895387e-08,4.4319183817204e-08,5.69151801771896e-08,1.94912238148868e-08,3.14829856164061e-08,3.38076515437794e-08,5.83671668794595e-09,1.84951471345363e-08,2.63617872294666e-08,1.45993472191319e-08,7.07241851283415e-10,1.64442328482079e-08,5.15316352117815e-08,1.11576206705664e-08,1.05404806712481e-08,1.54376237834119e-07,1.94636717212958e-08,3.57843591835089e-09
6.49341081595331e-08,4.17506771000963e-08,8.08045143987642e-08,1.29350221751777e-07,1.75247973837233e-08,3.48446308018402e-08,5.29053452123915e-08,5.33179602042226e-08,1.23957279901171e-07,6.29268757736646e-07,1.41793690045281e-07,0,3.93409048940325e-07,1.12815240896242e-07,2.67365884458238e-08,4.09697989172868e-08,4.61738972052084e-08,4.05247268027914e-07,4.80880148492331e-08,5.36940691055067e-08,1.04364662544185e-08,4.13241533829207e-08,1.8122881811831e-08,4.3362936461673e-08,3.72278746418796e-08,4.34056177966485e-08,5.54440629187844e-08,1.89767441435689e-08,3.05030423613319e-08,3.26110066703341e-08,5.65589668889104e-09,1.79986370500789e-08,2.54908769607416e-08,1.40727128386451e-08,6.86704159609196e-10,1.60675632610871e-08,5.01914767606601e-08,1.08418103499838e-08,1.01560374598979e-08,1.31317557516036e-07,1.79753621734651e-08,3.4900651771531e-09
2.70533549566958e-08,1.75973918867431e-08,3.17757350316526e-08,5.19889866342856e-08,7.83058690561422e-09,1.65486269509661e-08,1.53269522539713e-07,2.19577096369838e-08,4.6423709194188e-08,3.93575086940509e-08,5.63416720899339e-08,6.46674877020749e-08,0,4.95158931756935e-08,1.26036522800027e-08,1.66570944689284e-08,1.84702959141315e-08,2.32002434305168e-08,1.74504396973952e-08,2.00709879343191e-08,4.2968711892397e-09,1.63602551015845e-08,7.29985450341305e-09,1.5990802799406e-08,1.4065029811101e-08,1.64647719326488e-08,2.12171763265246e-08,7.40829364093678e-09,1.22207607741509e-08,1.30754736805399e-08,2.25504576825123e-09,7.05212255075935e-09,1.02931920651584e-08,5.47401669621918e-09,2.66015816950827e-10,6.01571959439693e-09,1.89953467302872e-08,4.20384519541345e-09,4.09550581312343e-09,6.11680149126889e-08,7.96252124394246e-09,1.29238387346891e-09
8.19516588208038e-08,5.29592226057328e-08,9.88456281231636e-08,1.58810387569437e-07,2.34439643078766e-08,4.91067918284551e-08,7.26540247706739e-08,6.75947459785556e-08,1.47310242049541e-07,1.2673741502319e-07,3.04755438027626e-08,2.10971952032735e-07,5.60536632157396e-07,0,4.07660227530321e-08,3.29214538290538e-07,6.33131539349579e-08,4.83074362668221e-07,6.0028909311985e-08,6.86678333182134e-08,1.483505499511e-08,5.59354220042631e-08,2.49852764342261e-08,5.49043159359343e-08,4.81436113346149e-08,5.66924576875156e-08,7.265198137124e-08,2.55008383251448e-08,4.16374618416495e-08,4.43014460669368e-08,7.70699969601874e-09,2.43139694039473e-08,3.52116523938851e-08,1.85557752361041e-08,9.08101900980398e-10,2.05468231810046e-08,6.47718069303412e-08,1.43722807398299e-08,1.39705458208164e-08,1.81631881487627e-07,1.51992973968787e-07,4.40088295689472e-09
5.04741465097823e-08,3.23684989960723e-08,5.79954898552147e-08,9.49238757370563e-08,1.48158958797372e-08,3.23276919200139e-08,4.56297484188641e-08,4.0828831046899e-08,8.77593274413253e-08,7.44064250258296e-08,1.8060330852629e-08,2.09941932867846e-08,5.63349203228079e-08,1.74332652864784e-08,0,3.5629487358403e-08,3.98297761871646e-08,4.53881955146589e-08,3.56995386500048e-08,4.1868137341619e-08,9.67252385143326e-09,3.5697906658518e-08,1.63018191527395e-08,3.3466611844388e-08,3.00637661638112e-08,3.52921075499256e-08,4.58594784635699e-08,1.63234765603011e-08,2.71044038525664e-08,2.89513248793568e-08,5.04392372544713e-09,1.57659508839969e-08,2.34124436334112e-08,1.18738723221698e-08,5.82236827332226e-10,1.27931831649822e-08,4.05255946892339e-08,9.24944780956692e-09,9.24076814574192e-09,1.1839444982902e-07,1.05776161031785e-07,2.72357591184893e-09
3.8550355602439e-08,2.45254802126594e-08,4.64337928994002e-08,7.46094542955737e-08,1.094443737368e-08,2.24210896943243e-08,3.34530492230288e-08,3.19066116657261e-08,7.18951594325046e-08,6.24273933491733e-08,1.44974859942577e-08,1.77994932502701e-08,4.15786398332902e-08,7.82289001484021e-08,1.98726072733773e-08,0,2.16086215713955e-07,2.54560567798591e-07,1.96832715916522e-07,3.89387248253651e-08,4.34083513431977e-08,3.25118376734688e-08,1.43169931515186e-08,3.12753554079749e-08,2.76362868598861e-08,3.26493556831121e-08,4.19433803232493e-08,1.47349146625612e-08,2.43210797660288e-08,2.51212684238356e-08,4.42445735861097e-09,1.42977414476915e-08,2.03954677757118e-08,1.08235802434165e-08,5.29283917461882e-10,1.17753253330893e-08,3.71761961780301e-08,8.33095951906722e-09,8.03662699995535e-09,8.36731477509561e-08,8.00135773556683e-08,2.50302190554355e-09
2.80623935879172e-08,1.76212952392489e-08,3.39772937331528e-08,5.41644539861328e-08,7.83244359086079e-09,1.60354805769022e-08,2.40440222423117e-08,2.31690095336073e-08,5.28483487175935e-08,4.58495787418641e-08,1.05517572385619e-08,1.30398276378613e-08,2.98596290227437e-08,9.87629947772904e-09,1.42552431124438e-08,1.37901543060805e-07,0,3.08275876385901e-08,1.53000360628571e-07,1.94030362915419e-07,3.41433751947909e-08,2.64063581916019e-08,1.15146492764352e-08,2.51374006259455e-08,2.25543914057845e-08,2.64128971370215e-08,3.38995689517388e-08,1.1975887025568e-08,2.00575220694419e-08,2.01574535212764e-08,3.57083899274742e-09,1.14831210696656e-08,1.65176914792281e-08,8.86437167362876e-09,4.29768409426268e-10,9.50965413621818e-09,3.02421496093213e-08,6.79697016209857e-09,6.48773990019787e-09,5.98232209991704e-08,1.03392320280841e-08,2.01394722730217e-09
2.43349748357298e-08,1.52257215919455e-08,3.0772020653613e-08,4.74757964689588e-08,6.39596770123904e-09,1.24242605071114e-08,1.904726782268e-08,1.95207066222531e-08,4.66226332388534e-08,2.37283513015817e-07,8.87625236047824e-09,6.55883214440434e-08,2.2749725996186e-08,4.18658374462009e-08,9.99358783212221e-09,9.27086689943011e-08,1.85877803629093e-08,0,1.21763092638344e-07,2.30872059179292e-08,4.15769436881016e-09,1.70229645683963e-08,7.41218229398523e-09,1.91320944539285e-08,1.61929784504961e-08,1.85982675567674e-08,2.38924845641446e-08,8.00225369411103e-09,1.26168985073337e-08,1.35168631235306e-08,2.36302115747096e-09,7.70979539625041e-09,1.06635440905801e-08,6.05924226924938e-09,2.97906129756973e-10,7.04423388336886e-09,2.18963426884569e-08,4.65942218446193e-09,4.23335898300145e-09,4.71851696647174e-08,6.85756919296371e-09,1.5405761176602e-09
3.02027964627071e-08,1.88131501778618e-08,3.73757109803103e-08,5.87121474560754e-08,8.07041659046815e-09,1.597983941704e-08,2.44378490731461e-08,2.46241336269824e-08,5.8011641237899e-08,5.09163982673824e-08,1.12341974516834e-08,1.41690017240416e-08,2.98413119556883e-08,9.80026808929553e-09,1.36760573635896e-08,1.31138985196349e-07,1.61196455499668e-07,2.22638773909274e-07,0,2.18210016329493e-07,6.14445202824121e-09,2.5593459209683e-08,1.10251641356129e-08,2.83032177207811e-08,2.45834014617708e-08,2.8047963148354e-08,3.59077941787584e-08,1.20631594593924e-08,1.92117653038124e-08,2.00126374304922e-08,3.54618955513955e-09,1.17231891894035e-08,1.61760754667896e-08,9.26445134891507e-09,4.47946337210491e-10,1.04338613604415e-08,3.30202477694119e-08,7.06274828830246e-09,6.37783821574864e-09,6.03221816636653e-08,9.61941230358301e-09,2.24811686585557e-09
2.47827645205972e-08,1.53579315498094e-08,3.0650545668236e-08,4.80162044614981e-08,6.61390836417077e-09,1.33296477216813e-08,2.02482563577396e-08,2.02653914905022e-08,4.76561628056888e-08,4.16299365423914e-08,9.25836374933935e-09,1.16131109349112e-08,2.47231258719651e-08,8.22160854177043e-09,1.16464989154253e-08,1.9455306824932e-08,1.40994658466126e-07,2.94838484675925e-08,1.51114897733046e-07,0,2.78774604923496e-08,2.3215987270261e-08,9.99969198625492e-09,1.57281905594648e-07,2.29012206223467e-08,1.59706389172565e-07,3.340788309322e-08,1.11877515926099e-08,1.79546739746667e-08,1.82669301589764e-08,3.26622420525158e-09,1.08238245660646e-08,1.49939312319047e-08,8.60713328877231e-09,4.15148458705702e-10,9.57268748790437e-09,3.07504128542525e-08,6.52504451990269e-09,5.88547993286342e-09,5.00213624774893e-08,8.29877636967223e-09,2.04747361776731e-09
3.19385858813903e-07,2.00621029647382e-07,3.86440455012128e-07,6.16766888880827e-07,9.11198540450259e-08,1.88742060858642e-07,2.78286865394725e-07,2.62509224543337e-07,5.91599590368818e-07,5.19311270162539e-07,1.20358255045924e-07,1.46375137816178e-07,3.46468857948108e-07,1.15334603531963e-07,1.73920494757735e-07,1.57311233784594e-06,1.96424852505023e-06,3.41291999229755e-07,2.88705556538652e-07,2.19600946845989e-06,0,1.86885062679804e-06,7.23453766855332e-07,2.88451838732287e-07,2.63135329470739e-07,1.91430187863574e-06,4.05996010848745e-07,1.4477827478116e-07,2.46188081192069e-07,2.49884921069256e-07,4.40890053381182e-08,1.41042621198873e-07,2.03715386593079e-07,1.07244245848903e-07,5.18254091006653e-09,1.12240424806057e-07,3.55795092564075e-07,8.2284485415685e-08,8.07532696409096e-08,7.02570694239291e-07,7.16475201770519e-07,2.37094394188226e-08
2.53507474848053e-08,1.58764519202802e-08,3.09917723684982e-08,4.90369448576252e-08,6.99479825637876e-09,1.44558033892468e-08,2.16343975858688e-08,2.09472546640098e-08,4.81620564686051e-08,4.22578781626953e-08,9.59730689788164e-09,1.18557402684933e-08,2.67376171437311e-08,8.92736304593388e-09,1.31282757381466e-08,2.15672069683772e-08,2.69280871746412e-08,2.86718855670623e-08,2.50214262463536e-08,3.08161319513744e-08,3.30855178039962e-08,0,6.09296117208998e-08,2.60879999236652e-08,2.41901108952757e-08,1.71270550242564e-07,3.64767558024309e-08,1.30702916120641e-08,2.15898038694647e-08,2.17480601803189e-08,3.81226020117074e-09,1.24254723340808e-08,1.74676240532195e-08,9.52124969903036e-09,4.61941400115341e-10,1.00571678145952e-08,3.24471511966756e-08,7.2409543648694e-09,6.93111812045041e-09,5.39171527285972e-08,9.5691362094097e-09,2.12390865474193e-09
1.60548526719476e-07,1.01761057296769e-07,1.99016637311485e-07,3.13938071948219e-07,4.56586014825664e-08,9.38666238931407e-08,1.40385530601368e-07,1.34158276992327e-07,3.08454945226646e-07,2.68574805406445e-07,6.12873243104261e-08,7.53551812386627e-08,1.74640924769375e-07,5.82153765181676e-08,8.79009419489909e-08,1.38203433425073e-07,1.73735319330495e-07,1.80588046614267e-07,1.55979162892714e-07,1.95490894266534e-07,2.22366252569353e-07,1.06460936187339e-06,0,1.70108326532595e-07,1.60962000794514e-07,1.12636780411076e-06,2.47793850984674e-07,5.26778182336368e-07,9.08954415081586e-07,8.27535361025693e-07,2.7604735819024e-08,8.8520780320289e-08,1.24542425838317e-07,6.58206346153231e-08,3.22130398512494e-09,6.77520576599661e-08,2.17086675227323e-07,5.11341313044519e-08,5.00451740698929e-08,3.52243025535703e-07,6.42663096363567e-08,1.43066161048579e-08
2.24040837593103e-08,1.39760090089392e-08,2.83729109350437e-08,4.41799814335438e-08,6.07017212742583e-09,1.18004367172806e-08,1.8309168387105e-08,1.83474058167157e-08,4.38480155170324e-08,3.86026128108103e-08,8.47379920579371e-09,1.05400973245211e-08,2.22624224737851e-08,7.46062370852861e-09,1.02869161772105e-08,1.70412247317211e-08,2.18274184547588e-08,2.72371295381925e-08,2.3516428923499e-08,1.83239595013457e-07,5.03903871121097e-09,2.21580370563597e-08,9.87163221465832e-09,0,1.66327052151752e-07,1.67935488389954e-07,3.86428899167165e-08,1.1896006600725e-08,1.84720508859703e-08,1.92897796078359e-08,3.54143373748936e-09,1.24451004149838e-08,1.64639502667151e-08,9.95515330376711e-09,4.88805467611949e-10,6.79369084992716e-08,2.30380646361168e-07,7.73773739805366e-09,6.41758224893817e-09,4.5198188624269e-08,7.61108809096806e-09,1.28337457782228e-08
1.58668223022966e-08,9.953652810751e-09,2.03472400266692e-08,3.14897411153105e-08,4.44211869206358e-09,8.58153576229147e-09,1.33266385697109e-08,1.31222974545418e-08,3.10288444390566e-08,2.72822303051636e-08,6.11492655020212e-09,7.57167709369366e-09,1.62343156771131e-08,5.48129688241692e-09,7.62025076989140e-09,1.26829766830172e-08,1.62756774957237e-08,1.92244891511751e-08,1.66489294380425e-08,2.12661185324624e-08,3.84171341937247e-09,1.68931204257159e-08,7.72824545445235e-09,1.35707059756284e-07,0,1.28368715005106e-07,1.91523455762842e-07,9.69695452593308e-09,1.51143714554577e-08,1.58118761693367e-08,2.93701586696429e-09,1.06066070660266e-08,1.36305751696568e-08,8.3788321190227e-09,4.13039382907435e-10,9.61857785385628e-09,1.90504418720356e-07,6.61758511748665e-09,5.36351993123455e-09,3.2932383703284e-08,5.73403959552791e-09,2.0009410262506e-09
2.23643013895804e-08,1.40854414499941e-08,2.79759991601119e-08,4.3946033500716e-08,6.15093611615982e-09,1.22958646211621e-08,1.88181817619592e-08,1.85675337305254e-08,4.36091151789442e-08,3.83935926393085e-08,8.52486174239719e-09,1.06388945460535e-08,2.31293297586016e-08,7.75173908102262e-09,1.11298007404964e-08,1.8269096710098e-08,2.31289247264625e-08,2.67573891150312e-08,2.35576524662775e-08,1.85866373718588e-07,2.79271414207046e-08,1.42228777885432e-07,5.37919078688344e-08,1.67218028028757e-07,1.56928030312722e-07,0,2.25976775867199e-07,7.45490519133954e-08,2.00960925462141e-08,1.09446906593736e-07,3.67020243829953e-09,1.24372988313172e-08,1.67353853956256e-08,9.73376252479145e-09,4.7214933770483e-10,1.06382934696345e-08,3.464453504736e-08,7.4337478559244e-09,6.6346801764077e-09,4.66857031423889e-08,8.12144701491968e-09,2.2390714682576e-09
1.30483857897046e-08,8.20513717997385e-09,1.66988224386479e-08,2.58596753217652e-08,3.69021621764748e-09,7.18257039565092e-09,1.11009886078183e-08,1.08347109870372e-08,2.5434599826434e-08,2.23330033668058e-08,5.05369830159841e-09,6.23556796518134e-09,1.35740412051299e-08,4.58589157742501e-09,6.46994342150609e-09,1.06418125458804e-08,1.37124244195584e-08,1.56765933732117e-08,1.36752778649063e-08,1.75280870679488e-08,3.26608006495644e-09,1.43805158972677e-08,6.63981008224704e-09,1.78796794284604e-08,1.10434148304757e-07,1.07238810337108e-07,0,8.46233970665981e-09,1.31784215261792e-08,7.36481284848813e-08,1.350616668017e-08,9.19244436645736e-09,1.17902617562319e-08,3.61255679633984e-08,3.52080029960614e-10,7.74549386929667e-09,1.53793695834498e-07,5.607031519833e-09,4.686602277561e-09,2.749022277979e-08,4.86996166825657e-09,1.6150858364044e-09
4.34316763692469e-08,2.75495280237027e-08,5.49234453956814e-08,8.64153274418625e-08,1.23566611068795e-08,2.47438599609006e-08,3.76872826654395e-08,3.64137268963588e-08,8.4597704849265e-08,7.42617410916534e-08,1.68903240961618e-08,2.07890072789598e-08,4.64987868592195e-08,1.56308124691329e-08,2.2854118398331e-08,3.6443153797667e-08,4.69801877775904e-08,5.12056995280702e-08,4.47751312408816e-08,5.71133946067314e-08,1.14724859985661e-08,4.96160990057686e-08,1.17218555614228e-07,5.37330244202024e-08,5.30428853981154e-08,3.46522980127009e-07,8.15470526675568e-08,0,2.73607660758478e-07,2.53327698740681e-07,8.70790399337405e-09,2.86683281022503e-08,3.83102700210071e-08,2.15049980742512e-08,1.05479100146271e-09,2.22050368982377e-08,7.20406030524585e-08,1.68513547034103e-08,1.54658594380525e-08,9.39697269379414e-08,1.69890981798756e-08,4.66886685959723e-09
2.71637103126679e-08,1.7295489685004e-08,3.41897582731027e-08,5.39239118456124e-08,7.82305583748291e-09,1.58421669210665e-08,2.39179897519477e-08,2.28294117196617e-08,5.24040545944001e-08,4.59135282365173e-08,1.05802662019512e-08,1.29549937832817e-08,2.95893908286698e-08,9.92296999663254e-09,1.48449223658288e-08,2.31573743038497e-08,2.96762231612899e-08,3.13222892354078e-08,2.73546861436271e-08,3.47976746348544e-08,7.40589583103391e-09,3.12105511350932e-08,7.59363563544538e-08,3.19042856448904e-08,3.13210469066143e-08,3.38274765778411e-08,4.83090520626631e-08,1.02997427685491e-07,0,1.64956414743481e-07,5.59877668757613e-09,1.79408548574389e-08,2.46360105178657e-08,1.30463198780679e-08,6.47758798406619e-10,1.32372310194235e-08,4.26381451173458e-08,1.03768609891638e-08,1.00082793576593e-08,5.99692519374355e-08,1.0987944888007e-08,2.7952225804365e-09
6.82877393070337e-08,4.32651914223518e-08,8.621848561078e-08,1.34572797452768e-07,1.97734058753512e-08,3.96649529103698e-08,6.01381389798877e-08,5.72338461871397e-08,1.31244163660049e-07,1.15238590113389e-07,2.66144628251461e-08,3.24049720804429e-08,7.4149238850551e-08,2.49576150116092e-08,3.69573102178548e-08,5.79818884966266e-08,7.47350401362855e-08,7.88920137696822e-08,6.89684536124754e-08,8.80410755919441e-08,1.85487311758607e-08,7.84819705158973e-08,1.9192614844196e-07,8.22641193043816e-08,8.17947759033386e-08,5.33144466635476e-07,7.55460841490793e-07,2.65475773158337e-07,4.61642944260591e-07,0,7.85370963885007e-08,4.88256843466037e-08,6.69978597894971e-08,3.48297345893266e-08,1.74736845186761e-09,3.4972697884521e-08,1.12034979743465e-07,2.83033782787313e-08,2.71835929454581e-08,1.50547852532324e-07,2.77301388239783e-08,7.41955371581748e-09
3.48666825752833e-07,2.1794409234867e-07,4.36503111049301e-07,6.76565324603542e-07,1.01230252193307e-07,1.99937461074939e-07,3.06031629556736e-07,2.91205826037885e-07,6.68739647364664e-07,5.91547400063229e-07,1.36727752881855e-07,1.66158035088427e-07,3.78367714512516e-07,1.28637361759523e-07,1.84378555092157e-07,2.9445640043267e-07,3.76403460738988e-07,4.0513974410963e-07,3.50498694236581e-07,4.53210439913514e-07,9.47364617230797e-08,3.96183623354748e-07,1.95346570650257e-07,4.32188389127146e-07,4.36678271393799e-07,4.48316039085282e-07,4.08140807951156e-06,2.34347306626273e-07,4.0058976875701e-07,2.29199628611437e-06,0,1.42351688717846e-06,3.9704255631376e-07,9.92364074802205e-07,5.59845757402819e-08,1.93949065279651e-07,6.08501720976294e-07,1.65925671013602e-07,9.12781799234926e-07,7.64422655753627e-07,1.42147220757813e-07,4.19415428923288e-08
8.25060124613663e-08,5.08981483362126e-08,1.02386910506919e-07,1.58614339962483e-07,2.36107584797744e-08,4.60741807057883e-08,7.18234633833125e-08,6.72135069591838e-08,1.57663784008451e-07,1.39239452445905e-07,3.21337634950791e-08,3.95820905233178e-08,8.77044484186806e-08,2.99753323783704e-08,4.27941290689981e-08,6.7804033638295e-08,8.7809400062074e-08,9.68626344660129e-08,8.24923113447928e-08,1.08836828525205e-07,2.19617764102288e-08,9.36181980115373e-08,4.57518793201966e-08,1.09866807192128e-07,1.1280210270101e-07,1.09253022234072e-07,1.74640036932943e-07,5.5753058358235e-08,9.12321407955254e-08,1.00988936103186e-07,1.07818648084655e-07,0,5.79636359281988e-07,5.26225972800112e-08,1.69645260432985e-08,5.33858914911269e-08,1.61210719237312e-07,5.1120494955608e-08,2.37221140468239e-07,1.75795772343741e-07,3.28414135337887e-08,1.20974478696853e-08
5.39163470648257e-08,3.33935823843969e-08,6.60911272089672e-08,1.02745172529328e-07,1.57014259808385e-08,3.11257733702752e-08,4.78744744553562e-08,4.39385145417892e-08,1.01771301802816e-07,8.97641372926709e-08,2.10323862899424e-08,2.57299743641783e-08,5.86529540954919e-08,1.98847829788306e-08,2.91059580471389e-08,4.48779028722767e-08,5.77463796477495e-08,6.19344891820673e-08,5.25051591211672e-08,6.94495081874263e-08,1.47212274771122e-08,6.1169953284541e-08,3.05566772967827e-08,6.72875390348503e-08,6.77297118877446e-08,6.88002739726027e-08,1.06603258164221e-07,3.58642123002275e-08,6.03581725270196e-08,6.69022554453994e-08,1.37341791581407e-08,2.6230888087869e-07,0,3.19159140270811e-08,1.80074257388733e-09,3.16893239498742e-08,9.58082121179096e-08,3.11738056911187e-08,1.68920893440544e-07,1.18159119807369e-07,2.23590337848666e-08,7.13547705590758e-09
1.31081067497424e-07,8.12937365758566e-08,1.65246316122444e-07,2.56541843115579e-07,3.68537552054104e-08,7.1776176185033e-08,1.11887995117896e-07,1.08016607920202e-07,2.52380582389015e-07,2.23763296080099e-07,5.07163154970217e-08,6.2344506685861e-08,1.37009101375273e-07,4.66853892773278e-08,6.51097035065766e-08,1.07631386256754e-07,1.3803035158046e-07,1.56167160893773e-07,1.35478659012183e-07,1.75118512882155e-07,3.35230093925146e-08,1.45308070505463e-07,6.89413915948485e-08,1.80223804110977e-07,1.86636899746496e-07,1.74654628205193e-07,1.68034472008911e-06,8.66274500408806e-08,1.38479314081681e-07,1.49261084404313e-07,1.51671480831806e-07,1.0834232993693e-07,1.35477737583525e-07,0,2.31828340207411e-08,4.90534028741469e-07,1.62615517359022e-06,6.63994839742378e-08,5.36308245622556e-08,2.7663845602072e-07,4.97765440866944e-08,1.81557917593167e-08
2.4671904370844e-06,1.48291352728282e-06,3.12353076812952e-06,4.73695433718818e-06,7.07100099556903e-07,1.33140697191715e-06,2.08394320898278e-06,1.99174154785032e-06,4.69059893974643e-06,4.10904567839671e-06,9.69969325353179e-07,1.20174957655303e-06,2.56972979730355e-06,8.84378866272907e-07,1.25892322869691e-06,2.01324793898001e-06,2.53041549600254e-06,2.92883860124248e-06,2.51236440163712e-06,3.20973696966948e-06,6.64013119511982e-07,2.6709935632835e-06,1.35304368351265e-06,3.30628111511291e-06,3.45811252133573e-06,3.17664165564102e-06,5.26520565649412e-06,1.66554183300024e-06,2.63241678303096e-06,2.9651968722327e-06,3.04940986098061e-06,1.23976015005244e-05,3.05410280394239e-06,8.27607753069205e-06,0,9.87627096763547e-06,4.99705547210758e-06,8.22664588977692e-06,1.09918901322862e-06,5.0010924900346e-06,9.43612196191857e-07,2.14535491624321e-06
4.51900925729665e-08,2.77715442316238e-08,5.7296496766567e-08,8.80542988175088e-08,1.23472697186392e-08,2.36606256036629e-08,3.72917894074356e-08,3.66385293574179e-08,8.72477987711834e-08,7.68140563002943e-08,1.72286652906138e-08,2.131652894083e-08,4.54802140261405e-08,1.53106123527262e-08,2.10483790537938e-08,3.50519816711758e-08,4.4712830965512e-08,5.43907119106927e-08,4.63934357762317e-08,5.9476780330521e-08,1.07058926228819e-08,4.70377067390105e-08,2.16762376248943e-08,3.93607109200427e-07,6.45858475880109e-08,5.80604402544199e-08,9.17471503849436e-08,2.69943902497592e-08,4.16591110821589e-08,4.53569396500702e-08,8.65627197131089e-09,3.33185727437774e-08,4.18022682487763e-08,1.29985818082301e-07,7.57553160428709e-09,0,5.7713128651507e-07,2.2012787222527e-08,1.61136800061622e-08,9.11268025738047e-08,1.59449208165757e-08,3.67849722356396e-08
1.55057185742383e-08,9.66106925516384e-09,1.99307345339916e-08,3.05161701882468e-08,4.30684870101577e-09,8.30874825852889e-09,1.29787410575102e-08,1.27391723557016e-08,3.01920692262843e-08,2.65010583438444e-08,5.95772435613581e-09,7.33514247188821e-09,1.57787638877185e-08,5.33148161286579e-09,7.35251637919754e-09,1.23756373715024e-08,1.58144739231592e-08,1.87007814696242e-08,1.62129899195034e-08,2.07010352596087e-08,3.74876685839438e-09,1.64565037339574e-08,7.56964188918336e-09,1.34038126361883e-07,1.35927452977239e-07,2.02987875312114e-08,1.9000904916114e-07,9.45415726400578e-09,1.47642521930772e-08,1.56361327386751e-08,2.94320157923759e-09,1.0916447906278e-08,1.38472337632973e-08,4.33189775164831e-08,4.31968363238418e-10,5.80086856306156e-08,0,6.91024437047247e-09,5.41935343015249e-09,3.19750013152304e-08,5.57603401839203e-09,2.10524209067289e-09
1.0023337033623e-07,6.08387837086941e-08,1.23889691600164e-07,1.91952332608459e-07,2.85260454355741e-08,5.45944610504315e-08,8.57623969965239e-08,7.97176223080086e-08,1.93701311828081e-07,1.69547210505216e-07,3.89943262102361e-08,4.82062709564754e-08,1.04217374070294e-07,3.58355574613499e-08,5.08395289794309e-08,7.84016844308752e-08,1.02964491197589e-07,1.18168462196703e-07,9.99476802402368e-08,1.31935703982582e-07,2.60074150669895e-08,1.10293576520041e-07,5.32987380816106e-08,1.3905411652857e-07,1.40814443587836e-07,1.32984167744078e-07,2.15572187526894e-07,6.69337752501942e-08,1.07412912302065e-07,1.20802997866698e-07,2.41596951040258e-08,1.04810344656662e-07,1.31639917455557e-07,6.61220256775643e-08,2.29552764156969e-08,7.17677925417402e-08,2.05604400572395e-07,0,4.86738468565664e-08,2.05651430262439e-07,3.89687770870378e-08,9.12958100824001e-08
5.58378438582914e-08,3.47387934416162e-08,6.8586695299217e-08,1.08250221794459e-07,1.61492406341763e-08,3.22512981932689e-08,4.93102208406168e-08,4.59111641255366e-08,1.06055063143777e-07,9.29785141076661e-08,2.17088977387976e-08,2.65646201120816e-08,6.08282518666945e-08,2.04755530833537e-08,2.98879975820526e-08,4.71649840083214e-08,6.0134479930317e-08,6.390112816246e-08,5.47424156585284e-08,7.14349367610149e-08,1.51965143651823e-08,6.36878833455066e-08,3.1424165095253e-08,6.91720847385879e-08,6.96011128243283e-08,7.10966650736077e-08,1.09256078370623e-07,3.70241721951544e-08,6.35125946775349e-08,6.95485097749251e-08,7.36510891828139e-08,2.53179646229423e-07,3.92986802703615e-07,3.2057803175224e-08,1.74778095839361e-09,3.15923858810045e-08,9.74934779642063e-08,2.93154415928839e-08,0,1.229556696546e-07,2.2981405114664e-08,6.97396702013002e-09
1.22405219183012e-08,7.72137751131575e-09,1.30233940479745e-08,2.132019693248e-08,1.772534743072e-08,4.67579099204626e-08,9.89350156340096e-09,8.72102347694505e-09,1.79325049885797e-08,1.47749710415587e-08,3.62806933592355e-09,3.96902402775274e-09,1.06263132717639e-08,3.03976431987079e-09,4.55832011632686e-09,5.68401763364660e-09,6.47528296408567e-09,8.31634116931087e-09,6.1055504932403e-09,7.13280020563065e-09,1.53419677284473e-09,5.68202978222308e-09,2.54808742466563e-09,5.5652337580325e-09,4.91809165188175e-09,5.73707048195903e-09,7.27999955739483e-09,2.63971408405296e-09,4.17207246684343e-09,4.59846415552394e-09,8.02631850643814e-10,2.51314030868347e-09,3.59976781616698e-09,1.91727702318985e-09,9.42631160268839e-11,2.13457862197572e-09,6.606288528878e-09,1.49514570175475e-09,1.46177252551597e-09,0,2.893936319304e-09,4.60249556161695e-10
7.95633241483336e-08,5.04657653407966e-08,9.30317791857721e-08,1.50717268724911e-07,2.32142852565427e-08,4.94405978155338e-08,7.10614047507744e-08,6.49865477421148e-08,1.42273406723663e-07,1.21735652616037e-07,2.91128003485366e-08,3.45205469367483e-08,8.84603638610848e-08,1.61522066390213e-07,2.67305710926284e-07,3.5737737093172e-07,7.05470762624081e-08,7.64664545127837e-08,6.1733778405272e-08,7.3542936738335e-08,8.9382537607329e-08,6.38968163429576e-08,2.92695370695226e-08,5.94363149713397e-08,5.34719915364079e-08,6.30221035756628e-08,8.19059794975448e-08,2.93646417173852e-08,4.9195658671338e-08,5.15276308773438e-08,9.07265015830161e-09,2.88367899854006e-08,4.24598481300594e-08,2.12028990766e-08,1.05431899423167e-09,2.2775633330983e-08,7.20179504176874e-08,1.66344526467474e-08,1.66841239544252e-08,1.8263219744643e-07,0,4.83139188196346e-09
3.52846795831752e-07,2.11004258597121e-07,4.45137924467332e-07,6.81363070678444e-07,9.6609499745879e-08,1.75949825975428e-07,2.84852230979531e-07,2.75131160762888e-07,6.80367819168076e-07,5.94304365114286e-07,1.36274141957233e-07,1.66931638738706e-07,3.40218689979411e-07,1.17445764873417e-07,1.59839139859457e-07,2.53317533779665e-07,3.28566465734941e-07,4.20095488606443e-07,3.46827787629842e-07,4.50659124104146e-07,8.11370056628939e-08,3.44756895076542e-07,1.60443817514515e-07,2.98529655938155e-06,4.72202285573851e-07,4.32714121713058e-07,6.90486261289506e-07,2.04487839400203e-07,3.04863705241134e-07,3.51688887212548e-07,6.7679073520856e-08,2.68989140628563e-07,3.37887887854514e-07,2.00477715362907e-07,6.04612094667648e-08,1.4937281575785e-06,6.96993301365125e-07,1.00201246860265e-06,1.27597106120841e-07,6.89320924202262e-07,1.20803015438623e-07,0
