"5313001","5313673","5313549","5313074","5313600","5313473","5313688","5313160","5313006","5313030","5313810","5313490","5313222","5313683","5313873","5313647","5313760","5313433","5313052","5313836","5313838","5313442","5313657","5313654","5313244","5313894","5313212","5313430","5313780","5313188","5313468","5313650","5313667","5313268","5313580","5313042","5313744","5313670","5313458","5313655","5313620","5313062","5313140","5313440","5313248","5313300"
0,1.03273224936493e-05,3.80660012901275e-07,4.39002225241969e-07,3.48280077221171e-07,2.73227364639937e-07,1.18603480064284e-07,3.52631080271085e-07,3.45495440390719e-07,5.58762663423891e-07,3.16626128213912e-07,1.29790306439706e-06,1.13891454925953e-05,6.50080761739883e-06,1.27855046146843e-06,1.47997988513202e-06,2.6614113015721e-06,8.7102012921574e-07,4.97998533196713e-06,5.44025065204162e-06,1.06601937985697e-05,4.75648793469091e-07,6.12097363717514e-07,8.84897271070297e-07,7.02616223251773e-07,1.41197373444723e-06,1.1948224565097e-06,2.92688763180727e-07,1.05391529201168e-06,1.07325474378488e-06,2.61246419314884e-07,7.07374323032813e-07,4.09224703224742e-07,7.44702996628334e-07,6.29552973251636e-07,3.16014283990728e-07,2.25654285775155e-07,1.16635723747579e-07,2.59308324649092e-07,4.91337866735078e-07,3.19322923574986e-06,2.11095871633e-06,9.12062653376325e-07,8.90868638851547e-07,2.46071887378572e-06,7.25915265731585e-07
4.97858266789246e-09,0,4.78470054574786e-09,5.64541277201376e-09,4.36461453914486e-09,3.48824914801669e-09,1.44986338358715e-09,4.22627996074022e-09,4.31502965962838e-09,7.01335786369735e-09,4.06420153090146e-09,1.61489910325174e-08,1.62415382003726e-07,1.54277044937791e-08,1.05236591644956e-07,1.96413446064521e-08,3.52819540811952e-08,1.10229348185139e-08,1.1510032515499e-08,1.28925380531543e-08,1.91602965925216e-08,5.47898923289198e-09,7.57765617876543e-09,1.07513139634576e-08,8.40539901576501e-09,1.780550950278e-08,1.46135403810495e-08,3.52659790488936e-09,1.28537939563381e-08,1.32582105086866e-08,3.26344124624874e-09,8.91721788994002e-09,5.25984200381477e-09,9.4997866212966e-09,8.18144880774982e-09,3.97065960940949e-09,2.73618211934639e-09,1.43958998699489e-09,3.17330817318415e-09,5.76443259441454e-09,4.4945774789118e-08,2.8368981759724e-08,1.21666756756914e-08,1.14306853163771e-08,3.15506847904656e-08,9.14944813050041e-09
7.63325171876485e-10,1.63758416241396e-08,0,2.09111938800925e-07,2.77796579331779e-08,2.14146329224573e-08,8.63697965613122e-09,2.65874074689838e-08,1.51752891105499e-07,2.70099654479411e-07,1.51418727272062e-07,1.00404213367344e-07,1.83068145407067e-08,1.03010540919507e-08,1.25354299257621e-08,1.58821448160029e-08,3.26844623849886e-08,1.14910194956161e-08,1.14661434994122e-08,1.07701299890099e-08,1.70615605921279e-08,6.96817277598403e-09,1.04695800127033e-08,1.64284559351204e-08,1.51014447442713e-08,3.38621446185292e-08,3.53845430270114e-08,6.89238416431144e-08,4.99751415637395e-08,5.14400236438061e-08,8.62731727950012e-08,2.93929573923729e-07,3.20689244999408e-08,5.38617411136955e-08,4.69943057197744e-08,2.5707007379461e-08,1.66464564647734e-08,8.57596692010051e-09,1.80850526535977e-08,3.23470977530972e-08,3.95992244946405e-08,2.96063085207718e-08,1.25014420203115e-08,3.78922575826303e-07,4.33669561538055e-08,3.07715157762311e-07
4.60432749208518e-10,1.00623181568142e-08,1.05017923025295e-07,0,2.27339773004355e-08,1.73688255850477e-08,6.65799487257978e-09,2.06299591214093e-08,1.80441922913589e-08,2.12874194633312e-07,1.15550212812126e-07,8.14945976540071e-08,1.09902279279699e-08,6.43206028464455e-09,7.68837712865766e-09,9.76029993213031e-09,1.99322483582515e-08,7.10163446060661e-09,7.00591108376407e-09,6.60351224348178e-09,1.02733699760222e-08,4.22188904163321e-09,6.40120234070041e-09,9.84513191202901e-09,8.95202614395567e-09,2.04774638313034e-08,2.12633257739687e-08,8.16485020424657e-09,3.02545981418368e-08,3.08674010038766e-08,9.22263367410447e-09,2.93275253225797e-08,1.61091070357942e-07,4.39960902238639e-08,3.94934131672023e-08,2.06435821399727e-08,1.32250179221969e-08,6.65139060436506e-09,1.35998827343832e-08,2.27627288254196e-08,2.44756774212032e-08,1.81868058637452e-08,7.74997702872773e-09,4.47888924260293e-08,2.63929269230091e-08,2.21502188527639e-07
3.38061203748491e-10,7.19611876953379e-09,1.31886288425076e-08,2.14434485269904e-08,0,1.1465292682787e-07,7.05372158873498e-09,2.20800006416903e-08,1.54295563293443e-08,2.71328820951262e-08,1.09505253973846e-07,4.93755865379272e-07,7.97857856006859e-09,4.73292941989073e-09,5.61724172309969e-09,6.94474761430937e-09,1.45659945865576e-08,5.23359672147307e-09,5.18654924330414e-09,4.87138915329965e-09,7.41696034587879e-09,3.15265351393802e-09,4.73585995235649e-09,7.39726482113031e-09,6.74238159216517e-09,1.51008008213552e-08,1.56926967692286e-08,6.18738033513761e-09,2.24807289735591e-08,2.26783227675075e-08,6.85044462931125e-09,2.11514660086786e-08,1.35060517851432e-07,3.70016951030294e-08,2.08385156696837e-07,1.3084465038047e-07,1.45071943107011e-08,7.10090766858436e-09,8.59313113310139e-08,2.1530329184381e-08,1.78936288886797e-08,1.32274736276123e-08,5.83874250416459e-09,3.26466756836257e-08,1.94429384531302e-08,2.77155945988063e-08
3.97864572607225e-10,8.34338512125626e-09,1.54866792706102e-08,2.50596708846385e-08,1.80581005530605e-07,0,6.24897974158822e-08,3.39959700097274e-08,1.89608318364786e-08,3.14038241436146e-08,2.28462510956344e-08,9.97297548429434e-08,9.39202658095053e-09,5.55311097342982e-09,6.44159666771866e-09,8.16622941627885e-09,1.71372146819805e-08,6.2175649722787e-09,6.12223074973633e-09,5.64374862389408e-09,8.78738956840794e-09,3.75899466268407e-09,5.6187505535798e-09,8.93336584932142e-09,8.10205519980013e-09,1.77175064930194e-08,1.86732092211717e-08,7.49581416598514e-09,2.62094914291832e-08,2.68051854807328e-08,8.11415157845439e-09,2.48134534675956e-08,2.61492153393061e-08,4.41074641283551e-08,4.21384540886859e-08,1.83643990756867e-07,1.37684338316752e-07,1.08870332702868e-08,1.26141846158499e-07,2.94077794803045e-08,2.10251609496953e-08,1.54568456304399e-08,6.82503816457272e-09,3.78898624089026e-08,2.27035409107738e-08,3.21564002052008e-08
6.1932867737966e-10,1.28694502623734e-08,2.24222890081356e-08,3.48894557869994e-08,4.09521080798131e-08,2.46712419619858e-07,0,9.06093965048294e-08,2.9871811033557e-08,4.53343816953454e-08,3.41622173080369e-08,1.4123702244649e-07,1.43586583938619e-08,8.5666052239182e-09,1.01609963015143e-08,1.25508344958772e-08,2.58590766084606e-08,9.60956194375204e-09,9.39362777048681e-09,8.77559284823646e-09,1.38796086990995e-08,5.90031135898363e-09,8.65545800962241e-09,1.39615548230991e-08,1.29363121611075e-08,2.68525755956232e-08,2.91147728707636e-08,1.18869323500087e-08,3.95733648200122e-08,4.0923849113111e-08,1.23223869138952e-08,3.65202570743937e-08,3.61551412572011e-08,6.15769738095305e-08,5.87241538063007e-08,4.50396766606626e-08,3.28470445684825e-07,1.72754847531143e-07,2.81972909197904e-07,5.68222298930203e-08,3.23388201251581e-08,2.2999914079921e-08,1.05832186355679e-08,5.48376804972523e-08,3.48582089878528e-08,4.57904342771735e-08
1.03295177039008e-10,2.11871436017776e-09,3.77307584448416e-09,5.6394925715497e-09,6.8208014567331e-09,6.65345828451432e-09,4.78264273870565e-09,0,4.81055718043393e-09,7.48842007036927e-09,5.43603372420611e-09,2.335125796132e-08,2.36613916890141e-09,1.39170547796984e-09,1.66279282085344e-09,2.08939872143887e-09,4.24123347532968e-09,1.58248158817281e-09,1.54029389087184e-09,1.3889544477821e-09,2.32883419927583e-09,9.85281666222197e-10,1.44039887894743e-09,2.36353362419901e-09,2.11329916856443e-09,4.38633418656765e-09,4.75358122594392e-09,2.01536108119099e-09,6.5831558939478e-09,6.6907204957318e-09,2.06004576069609e-09,6.03754584183355e-09,5.84728414919263e-09,1.01282685801979e-08,9.75618951866281e-09,7.21252348042576e-09,9.66603514667973e-09,4.32374154336102e-08,7.87734780104917e-09,9.75063078782845e-09,5.35955331087746e-09,3.74076782200242e-09,1.72895421237664e-09,9.03880349352181e-09,5.64729479381534e-09,7.52070437098115e-09
6.0207733018776e-10,1.26612422508689e-08,1.31284690429234e-07,3.06495656182931e-08,2.80070155836738e-08,2.27752388706992e-08,9.62602971862963e-09,2.99422186443125e-08,0,3.94581170424475e-08,1.6327004955498e-07,1.00816853892745e-07,1.40112123282258e-08,8.23658552231771e-09,9.80792585701526e-09,1.24546263108432e-08,2.51981856393314e-08,9.13644578066881e-09,9.17447219460431e-09,8.56050545229028e-09,1.35233369575024e-08,5.61987039199422e-09,8.24445505543132e-09,1.28715093642235e-08,1.19990868276389e-08,2.61727349441647e-08,2.80344034312365e-08,5.69220370917129e-08,3.85308587658842e-08,4.00321131159088e-08,1.15357790841699e-08,3.47943138515846e-08,2.84663393162069e-08,4.71046468511804e-08,4.18558530160839e-08,2.75439277071153e-08,1.86904810232429e-08,9.55546836289838e-09,1.28301257889849e-07,2.31278255263886e-07,3.07821416848456e-08,2.28946028106892e-08,9.79839585205781e-09,4.89304513702754e-08,3.3512511062922e-08,4.15352749451452e-08
3.41636719118409e-10,7.40379993283571e-09,7.88019534444554e-08,1.2482576362955e-07,1.74122163057767e-08,1.34096583465694e-08,5.16511877248029e-09,1.60049998760371e-08,1.42515832312551e-08,0,9.03750214616342e-08,6.27106660915906e-08,8.11516969823606e-09,4.75380201759093e-09,5.68103802378885e-09,7.22193862940055e-09,1.47037498361892e-08,5.26531865071167e-09,5.20548096483473e-09,4.8964816727308e-09,7.62861756935211e-09,3.14683160037183e-09,4.74463514252923e-09,7.31925589193515e-09,6.68792976883032e-09,1.51578931675621e-08,1.58464761382446e-08,6.15456738521798e-09,2.25066206476744e-08,2.30475793668386e-08,6.85950993042846e-09,2.16358052867254e-08,1.95208656722659e-08,3.21170751573491e-08,2.90952204322724e-08,1.60745367007181e-08,1.02551708067918e-08,5.15133356866764e-09,1.07162046313996e-08,1.77535065119153e-08,1.80686420470591e-08,1.34189487072412e-08,5.73258380104639e-09,3.24872228041093e-08,1.95285095114684e-08,2.77177199054985e-08
4.96475909256445e-10,1.04521229477293e-08,1.13852864050369e-07,1.72267982027882e-07,1.8208920661883e-07,2.40821222332443e-08,9.57066605443739e-09,2.96071048536581e-08,1.40331593161608e-07,2.30857159965346e-07,0,6.01642775394858e-07,1.16197082288136e-08,6.89500191205722e-09,8.16371589523776e-09,1.01662397264458e-08,2.0995672352453e-08,7.64513098272964e-09,7.64007507541189e-09,7.14053143099853e-09,1.08918663984842e-08,4.65080105552896e-09,6.88773182414679e-09,1.07191561593029e-08,9.95119925832034e-09,2.18763748792814e-08,2.31862729310248e-08,9.15933742405398e-09,3.25335607656412e-08,3.3380188066774e-08,9.86144288540107e-09,3.00928617532584e-08,1.70681524668608e-07,4.61234537392145e-08,4.26565727007153e-08,2.86141011719986e-08,1.91357743294489e-08,9.5125110076481e-09,1.23519901610796e-07,3.31619764838353e-08,2.5829733599093e-08,1.91371686768362e-08,8.33379798857761e-09,4.44791447634285e-08,2.81513945099699e-08,3.78179123892809e-08
1.78554473334605e-10,3.7968665593961e-09,6.93543438461681e-09,1.12519964419142e-08,7.84748390368083e-08,9.7540487508386e-09,3.60470223973878e-09,1.12269572357147e-08,8.21057101283177e-09,1.42999339526825e-08,5.76960927025567e-08,0,4.20945252032925e-09,2.49747498169465e-09,2.96170860552855e-09,3.66146767570173e-09,7.68050245028645e-09,2.76210715405532e-09,2.73912486793301e-09,2.57153853742381e-09,3.90593161347826e-09,1.66289293100459e-09,2.49517423453205e-09,3.89111835946679e-09,3.55454177378807e-09,7.95585914132748e-09,8.28188333220920e-09,3.25424430980787e-09,1.18254103273259e-08,1.19863952062183e-08,3.60880624110329e-09,1.1133930495727e-08,1.15132207695054e-08,1.9082216199259e-08,1.8009781811933e-08,1.13285569669124e-08,7.36598918276913e-09,3.61804574045578e-09,7.26720673199905e-09,1.12615741396056e-08,9.42925040211844e-09,6.97483846315508e-09,3.06681136808171e-09,1.71228826778169e-08,1.0241519155163e-08,1.45370971370853e-08
5.03312998428425e-09,1.48985021416342e-07,4.65609141412548e-09,5.52940975899647e-09,4.26463766970426e-09,3.39383029652014e-09,1.43266988087039e-09,4.18324966566475e-09,4.22570603934873e-09,6.82872751847144e-09,3.94906645243636e-09,1.58710990921383e-08,0,8.99294383887731e-08,1.04975708367626e-07,1.93402560302342e-08,3.44380269571956e-08,1.08930576479212e-08,1.16078515503121e-08,1.28844784462643e-08,1.92994724145442e-08,5.47545598800016e-09,7.47167036263093e-09,1.07406236718934e-08,8.40607806261227e-09,1.75599168799752e-08,1.44591421245316e-08,3.46912884110715e-09,1.26310772558469e-08,1.29767594686055e-08,3.18747129326653e-09,8.75040070917074e-09,5.11933521103201e-09,9.2104646003318e-09,7.9292445363215e-09,3.89214978077366e-09,2.71563177741324e-09,1.40476816820419e-09,3.14103870672633e-09,5.7224620200663e-09,4.32315118425415e-08,2.75799113505665e-08,1.19362157338419e-08,1.11074703856125e-08,3.10294314275136e-08,8.9705571473908e-09
9.82828878934467e-09,4.48418659310186e-08,8.87104503589187e-09,1.05370741785175e-08,8.13922828042709e-09,6.46744198581398e-09,2.74810747174817e-09,8.03767603097031e-09,8.10464372521428e-09,1.30388118162227e-08,7.52560118785665e-09,3.02957557796471e-08,2.97442632371553e-07,0,1.9904817118509e-07,3.67096585342993e-08,6.52118423338958e-08,2.09265723642747e-08,2.25164670433662e-08,1.26104068481358e-07,3.75011372478613e-08,1.05979645745659e-08,1.43045877190231e-08,2.05932662437048e-08,1.61200204477061e-08,3.34649461337234e-08,2.77127288569069e-08,6.64436063195583e-09,2.41857889373968e-08,2.47518791407447e-08,6.07863362480666e-09,1.67012216178353e-08,9.73926856486153e-09,1.74943837594784e-08,1.506235290195e-08,7.43310350407297e-09,5.2111337054475e-09,2.68686869191023e-09,6.02432690720441e-09,1.10430005021068e-08,8.11852653981689e-08,5.21615623916787e-08,2.25832434461666e-08,2.11279288759866e-08,5.89189192010014e-08,1.70911521386265e-08
1.48463878500618e-09,2.20422780148215e-07,7.57704130039628e-09,9.09842740180251e-09,7.02136840150833e-09,5.55770238147573e-09,2.35294283309099e-09,6.90132103621321e-09,6.91128615013643e-09,1.12257680800112e-08,6.39818308157615e-09,2.59021561649128e-08,2.37751878172809e-07,1.35719438347271e-07,0,1.9865875693865e-07,5.63871295974217e-08,1.81580549685979e-08,1.88257488863177e-08,1.04035336509258e-07,3.06825763741236e-08,8.87160460254063e-09,1.22710488865458e-08,1.74768196569309e-08,1.35773631861676e-08,2.87439624764423e-08,2.37921786560548e-08,5.6640767874631e-09,2.0797756874879e-08,2.12373564254506e-08,5.21290089290666e-09,1.4400024654764e-08,8.38387522003071e-09,1.51080820504704e-08,1.29985452931958e-08,6.36695457777816e-09,4.49511749291634e-09,2.32080134953625e-09,5.11620354770705e-09,9.45618596516797e-09,7.03977825981967e-08,4.49890795252015e-08,1.98280391793935e-08,1.81918994169216e-08,5.04580654783942e-08,1.47528132411371e-08
1.23323200355373e-09,2.92248639717168e-08,6.80068585613447e-09,8.24620315155553e-09,6.31720312613015e-09,5.07177067903181e-09,2.11925741690263e-09,6.22326518290362e-09,6.18350173459904e-09,1.01375160157869e-08,5.80083842394438e-09,2.34085704684312e-08,3.2896669088169e-08,1.88742893224203e-08,1.38395892129906e-07,0,2.95473290049523e-07,9.57893000936452e-08,8.41990668594967e-08,8.80724568973021e-08,2.61977390288381e-08,7.82417926006074e-09,1.1088310765747e-08,1.57547242301268e-08,1.20458856034424e-08,2.58118185142471e-08,2.14435131474341e-08,5.08873499871513e-09,1.89073367731287e-08,1.92845557181067e-08,4.7006577930601e-09,1.29726097047958e-08,7.63022846022255e-09,1.36855849826612e-08,1.17750561820807e-08,5.77193193124994e-09,4.07155688766271e-09,2.08666742070247e-09,4.58008724985288e-09,8.47740337938807e-09,6.29180156427142e-08,4.06316387863107e-08,1.78436296350881e-08,1.6341912859888e-08,4.57167047125403e-08,1.32824820648384e-08
5.99575426531972e-10,1.42142293516174e-08,3.69370587486634e-09,4.46276575304614e-09,3.43911226971038e-09,2.74860867254980e-09,1.1573928726308e-09,3.38061681024488e-09,3.33594160485022e-09,5.54067002076502e-09,3.18849388212376e-09,1.27445696851988e-08,1.58101321577318e-08,9.11377495827565e-09,1.12867955601669e-08,8.62723522327955e-08,0,5.09377559749958e-08,8.32254693557319e-09,8.50329040051351e-09,1.29452646448481e-08,4.05817626292863e-09,6.00214150538668e-09,8.5175213925988e-09,6.417181620913e-09,1.40556808528593e-08,1.15972097209522e-08,2.7556119515357e-09,1.02717380430219e-08,1.05546504411048e-08,2.5598732922929e-09,7.07285799370373e-09,4.19910867910326e-09,7.51383943181915e-09,6.47698117175738e-09,3.16851330616602e-09,2.2188142323015e-09,1.12928673177404e-09,2.51594383952277e-09,4.56555847147924e-09,1.98014832338099e-07,2.23978787456979e-08,5.74687460609693e-08,8.94879241475812e-09,2.50685402584581e-08,7.27844466005944e-09
1.87593862054919e-09,4.09672901270559e-08,1.23130946851317e-08,1.4738515430358e-08,1.16447586912965e-08,9.07272253026778e-09,3.9134304226933e-09,1.15469554273147e-08,1.11289740484823e-08,1.83807788947192e-08,1.06772472299802e-08,4.27864297564835e-08,4.66495432021644e-08,2.68929991669952e-08,3.32814041181838e-08,2.55040269771544e-07,4.63604698919738e-07,0,1.4038679357951e-07,2.64519914033276e-08,4.17977373519384e-08,7.92348852716041e-08,1.20136071549196e-07,2.97681521392599e-08,2.21758633202701e-08,4.74740792101488e-08,3.90197853376338e-08,9.36575951549419e-09,3.4683636013671e-08,3.54643342544566e-08,8.53836084767592e-09,2.34325901155371e-08,1.39126425911312e-08,2.45653142884597e-08,2.12918954174607e-08,1.06457782925469e-08,7.41526137646733e-09,3.84740045620508e-09,8.48282533774035e-09,1.56649554043357e-08,9.74945821037854e-08,4.10371315576153e-07,1.76985129980034e-07,2.97918234325474e-08,8.2812324747448e-08,2.41300833201576e-08
2.92598414188593e-08,1.13458162871335e-07,3.16194796413315e-08,3.77869681097102e-08,2.92902524004853e-08,2.35688639649127e-08,1.02171456978138e-08,3.01281370417201e-08,2.90279600893264e-08,4.71395035253394e-08,2.75379712568923e-08,1.08647862278095e-07,1.31590062240911e-07,7.69523715023434e-08,9.23021587082872e-08,6.8791601063487e-07,2.04628804561141e-07,4.30371876228897e-07,0,3.88340767272294e-07,8.07763784252271e-07,2.25648993127071e-07,5.15613759172517e-08,7.61491224112637e-08,5.93685402892039e-08,1.19165125969265e-07,1.01934176119558e-07,2.43139575935731e-08,8.81097501957892e-08,9.08682963652574e-08,2.18656688049594e-08,5.99393562850851e-08,3.50977363069844e-08,6.24617510054235e-08,5.38447377613858e-08,2.72223302574934e-08,1.93588307164618e-08,1.00463805758231e-08,2.23989451386937e-08,4.12149966409757e-08,2.47341788311757e-07,1.69253228089425e-07,7.44745028625605e-08,7.47449245791857e-08,2.04123248461769e-07,6.08983402169623e-08
4.51449739600868e-08,1.81247715239906e-07,4.19666607345459e-08,5.03204002013725e-08,3.88919793331211e-08,3.11494365155364e-08,1.31949173490472e-08,3.892574499518e-08,3.83769199666107e-08,6.20915510511189e-08,3.56603277577377e-08,1.44433575694391e-07,2.08349482292899e-07,7.06192927226213e-07,8.55714041250596e-07,1.04211880592868e-06,2.98407507438225e-07,1.00912427236186e-07,5.57988047555424e-07,0,1.14417835177164e-06,5.13145956826931e-08,6.84859321428295e-08,9.89006268472828e-08,7.67414263283669e-08,1.59531153507168e-07,1.34048430810805e-07,3.1888459948656e-08,1.16709862171594e-07,1.18877512819376e-07,2.8948676920612e-08,7.96055633890605e-08,4.62817842835537e-08,8.30558740754767e-08,7.14923417450429e-08,3.55181307920394e-08,2.52809517938175e-08,1.32076956088953e-08,2.87722810846502e-08,5.35549127302529e-08,3.65021597914305e-07,2.40629341706993e-07,1.04742037219379e-07,1.00025391041871e-07,2.76935609174732e-07,8.12678256339441e-08
6.93985135486722e-09,2.58410168590601e-08,6.59890106375688e-09,7.89998950743224e-09,6.11268975894855e-09,4.93456044414627e-09,2.11356807224306e-09,6.25695719196312e-09,6.11334229401673e-09,9.77231407247917e-09,5.68410546860238e-09,2.2670618568431e-08,2.98653873627891e-08,1.76667302161366e-08,2.06559293279125e-08,2.3916091342054e-08,4.35496717473641e-08,1.53597756918789e-08,8.91405010304886e-08,8.75071676937036e-08,0,8.34133736344568e-09,1.06376328825792e-08,1.56457745854529e-08,1.23557505516756e-08,2.47867275650943e-08,2.11965671270471e-08,5.05366378869288e-09,1.83077948297205e-08,1.87595898292228e-08,4.53965554384733e-09,1.2444724691766e-08,7.22692452627087e-09,1.2873850340982e-08,1.1099426355436e-08,5.62821222302182e-09,4.02914375572552e-09,2.08749960252116e-09,4.64266885757381e-09,8.58893736043578e-09,5.27740965329819e-08,3.56103131934266e-08,1.54473598354934e-08,1.55771999043323e-08,4.22258670333739e-08,1.26579830493244e-08
3.32496067035178e-09,6.56855555990498e-08,2.33088655036664e-08,2.74866563154129e-08,2.22612168225233e-08,1.71920745578575e-08,7.6867370985434e-09,2.28522006915672e-08,2.15935925856478e-08,3.47192503374071e-08,2.03682145943989e-08,8.13071508595712e-08,7.62706007021996e-08,4.38491774478038e-08,5.33466866614548e-08,6.51307114266275e-08,1.24421175652129e-07,2.72922161201931e-07,2.52475058652666e-07,4.52142793716365e-08,7.60942480335161e-08,0,2.11551765894106e-07,3.31286110465449e-07,2.29405462628449e-07,8.65482196937733e-08,7.5400493500089e-08,1.81530080336874e-08,6.55443804097679e-08,6.73266208567924e-08,1.60845470948182e-08,4.37641320276466e-08,2.58353959468658e-08,4.51548113082234e-08,3.93135281731142e-08,2.04478762510237e-08,1.43346403843286e-08,7.67664493245677e-09,1.6568627276542e-08,3.12452938622191e-08,1.50248170309948e-07,1.06654156834167e-07,4.64415797318993e-08,5.51566465709439e-08,1.3883273087569e-07,4.48315169728564e-08
2.21259152224564e-09,4.69468399615144e-08,1.80670285405351e-08,2.15364718173112e-08,1.74285539672041e-08,1.337841927709e-08,5.76452978240351e-09,1.71546082261783e-08,1.63424961519881e-08,2.72689015753523e-08,1.54445749548032e-08,6.31184945001733e-08,5.36579534443616e-08,3.05756171142462e-08,3.79254301664147e-08,4.72019025605534e-08,9.39748562590298e-08,2.03180783390083e-07,3.28113081560529e-08,3.10027432677276e-08,4.95578827318519e-08,1.03830390591528e-07,0,2.55057850007303e-07,3.22033758456609e-08,4.2761333548986e-07,5.82724710939996e-08,1.35805261947459e-08,5.11812672225357e-08,5.2648229768537e-08,1.2519728738777e-08,3.49545456380261e-08,2.02689190170813e-08,3.57062826603661e-08,3.10889823105314e-08,1.58344970426799e-08,1.10326110750123e-08,5.78567491906526e-09,1.22113010989399e-08,2.30339971191251e-08,1.15461491828708e-07,8.39408715920598e-08,2.18339782843436e-07,4.39103256826635e-08,6.72701355899931e-07,3.56255900375253e-08
1.36188002397543e-09,2.83164844234482e-08,1.2555565594715e-08,1.49354266182666e-08,1.21425418113569e-08,9.40187592421633e-09,4.08545480982628e-09,1.22343877763826e-08,1.1468106778167e-08,1.90166975162515e-08,1.07132472104752e-08,4.3950178899823e-08,3.22664406405325e-08,1.85806631903786e-08,2.26564967178431e-08,2.82351112401742e-08,5.59345541675902e-08,2.06940201069842e-08,2.01831111542863e-08,1.89268973826049e-08,3.05711813120464e-08,6.74669117124292e-08,1.05113617105708e-07,0,1.16322668187876e-07,2.89251592829081e-07,4.14749236894859e-08,9.55630874501884e-09,3.53859517281784e-08,3.68063526473674e-08,8.67794577240431e-09,2.40059190033618e-08,1.39053630574531e-08,2.45077421706973e-08,2.13598714519112e-08,1.09816888873749e-08,7.73938079209186e-09,4.07438675354984e-09,8.74014707976355e-09,1.64775801049932e-08,6.84512594799677e-08,4.99500789602251e-08,2.2034696450216e-08,3.0272827943776e-08,7.12406749528393e-08,2.46234000766659e-08
4.34508968948989e-09,8.72391493622483e-08,4.40966098800268e-08,5.22594744480236e-08,4.29151146051363e-08,3.29876443593258e-08,1.4779419874493e-08,4.45697980863044e-08,4.10572467102784e-08,6.62760573955511e-08,3.80885818010706e-08,1.5564142675321e-07,1.00724470692423e-07,5.69109874930706e-08,6.90276102446474e-08,8.71529937394189e-08,1.7129752097992e-07,6.3402058831857e-08,6.37431038647634e-08,5.916638542347e-08,9.7969338654452e-08,2.19515063459281e-07,5.43247969120942e-08,5.52454078914779e-07,0,9.36714764235418e-07,8.96677153064418e-07,3.46157353059119e-08,1.23704062912406e-07,1.29307730637939e-07,3.04084503725066e-08,8.34747524926837e-08,4.81706408363064e-08,8.45619577708002e-08,7.39582610613681e-08,3.88897990839192e-08,2.744725918213e-08,1.45648484448414e-08,3.17231374412002e-08,6.00958141466331e-08,2.08362707802121e-07,1.52365162574e-07,6.58773117519033e-08,1.04418556681759e-07,2.1522910484653e-07,8.50467957854219e-08
7.18914574947805e-10,1.54280734769056e-08,8.26409240184534e-09,9.8911415323237e-09,7.92131824801299e-09,6.00379744045036e-09,2.58902605800872e-09,7.77348815570907e-09,7.31258569456687e-09,1.2365778845606e-08,6.92060967864235e-09,2.85971676620246e-08,1.74812521368585e-08,9.78541823065043e-09,1.19991912149447e-08,1.52854681711253e-08,3.06342733351561e-08,1.10006787968528e-08,1.04928050814575e-08,9.96243304323963e-09,1.61039163810317e-08,6.13165236774285e-09,5.72893063008484e-08,9.39018662144912e-08,6.38859779639582e-08,0,1.59626905263949e-07,6.11681884871683e-09,2.3114868842263e-08,2.38134690389285e-08,5.63675371428219e-09,1.57347424803959e-08,9.23803961443417e-09,1.6190235168767e-08,1.40925584711703e-08,7.07171112937406e-09,4.87934649225591e-09,2.5632243483259e-09,5.53319241969649e-09,1.03220832938203e-08,3.79467100777224e-08,2.78059637487138e-08,1.21651700274506e-08,2.00557470193177e-08,4.08151545988258e-08,1.62805362064474e-08
6.55073194857072e-10,1.36131808470529e-08,9.53748000900696e-09,1.117847888049e-08,9.03073217690479e-09,6.69807118241713e-09,2.98427064360603e-09,9.13134794345542e-09,8.53308808865819e-09,1.39189616701602e-08,7.9746136113451e-09,3.21078700574988e-08,1.53931666863346e-08,8.56895153453709e-09,1.05637577550281e-08,1.36992520275127e-08,2.70759819508778e-08,9.95681033642024e-09,9.78029506253473e-09,8.9711558765549e-09,1.48779264770616e-08,5.82644815524228e-09,8.65806271717949e-09,1.49162720419659e-08,6.48773404004487e-08,1.69374549286002e-07,0,3.58048203407837e-08,2.59802239275502e-08,2.71296556870742e-08,6.29629618126806e-09,1.74820460288219e-08,1.03244856605413e-08,1.78868579632649e-08,1.55459825644472e-08,8.05363841918575e-09,5.64168718975692e-09,2.97380494113489e-09,6.29650647758332e-09,1.19425159441354e-08,3.3346337386578e-08,2.45017779560956e-08,1.07323897724167e-08,2.19657616168947e-08,3.57512485322896e-08,1.82075416970468e-08
4.81369002102088e-09,1.00110046293912e-07,6.9162171939401e-07,1.37180047648067e-07,1.11867954958791e-07,8.42114275156364e-08,3.73204236371521e-08,1.1454686879912e-07,6.59734105097017e-07,1.68793466069713e-07,1.02259630452724e-07,3.9965990680592e-07,1.13134824487993e-07,6.2935149777816e-08,7.77418532308291e-08,9.89578087882457e-08,1.98445580796355e-07,7.05683480163046e-08,7.23789076579479e-08,6.64856113710292e-08,1.09084307444979e-07,4.39504461111518e-08,6.40036915858722e-08,1.06864732092391e-07,9.5189346658686e-08,2.063353334646e-07,1.40373459929655e-06,0,1.70414239357306e-06,1.74160274071119e-06,4.13925990547144e-07,2.05192536334118e-07,1.25988430020359e-07,2.12143419146429e-07,1.86549961553554e-07,1.01756784065247e-07,6.86046842977055e-08,3.6922635443681e-08,7.89426077423534e-08,1.49514560436983e-07,2.45928130118569e-07,1.78711777983389e-07,7.57227867477982e-08,2.53671861534697e-07,2.65036570582324e-07,2.11342889850183e-07
4.03878258111731e-10,8.63287576461184e-09,9.72860684724825e-09,1.1702302959646e-08,9.2435474314416e-09,6.83619389477266e-09,2.90910773959848e-09,8.89817057003977e-09,8.71072320425627e-09,1.40689475845188e-08,8.22498509693393e-09,3.26280935962807e-08,9.63191909655948e-09,5.34430604773325e-09,6.65518283748596e-09,8.57387360170453e-09,1.71681946509495e-08,6.00043636790727e-09,6.04578907509636e-09,5.59111799234266e-09,9.16703196954604e-09,3.62689236879487e-09,5.44018200196457e-09,9.06637089819066e-09,7.80123132223996e-09,1.77825045708981e-08,1.88142885922886e-08,3.26039203084932e-08,0,1.53788432563432e-07,3.61522534277386e-08,1.800242000558e-08,1.07134777514391e-08,1.8209721703299e-08,1.59120076533818e-08,8.20412190943376e-09,5.44282483648991e-09,2.88669809198083e-09,6.07090882743204e-09,1.13421421690812e-08,2.14842737925192e-08,1.57131934266227e-08,6.67905838091696e-09,2.21808572159039e-08,2.28771376386171e-08,1.84301215621193e-08
4.38313452418446e-10,9.31727160537067e-09,1.04143716067526e-08,1.2485244497269e-08,9.9003494936555e-09,7.34592317783244e-09,3.14745409555879e-09,9.63715556177801e-09,9.42778461414444e-09,1.50560787695789e-08,8.86370802912589e-09,3.50030417997412e-08,1.04147048780461e-08,5.78112165723484e-09,7.19419210535906e-09,9.26892403532571e-09,1.85323757181386e-08,6.49189854435670e-09,6.56805861577299e-09,6.05669518559015e-09,9.9651661998992e-09,3.94736047343262e-09,5.88642973111605e-09,9.83747350772572e-09,8.49628510644353e-09,1.92205982016446e-08,2.05225395484505e-08,3.5826441306448e-08,1.69319645642532e-07,0,3.85437514034472e-08,1.91294946960598e-08,1.14339178051215e-08,1.9325432480478e-08,1.69642537311519e-08,8.8213066997103e-09,5.87469332537975e-09,3.12367467675411e-09,6.59363464187111e-09,1.23463979979616e-08,2.31560563334166e-08,1.69421245295275e-08,7.19915713591926e-09,2.35667810830797e-08,2.46840507043247e-08,1.96052778912095e-08
1.56492654533384e-09,3.34694372827719e-08,2.80514441051726e-07,5.75314817458845e-08,4.50191618266729e-08,3.36019276580318e-08,1.39636412974159e-08,4.28100258863712e-08,4.13630268183791e-08,6.96907538863208e-08,3.98575905917462e-08,1.61261751847608e-07,3.72675791003054e-08,2.08743303026979e-08,2.58568403696698e-08,3.28282961528516e-08,6.66026524249666e-08,2.34292217588315e-08,2.32645067234355e-08,2.18856771732739e-08,3.49548018296434e-08,1.41258171285619e-08,2.13381261114884e-08,3.43535648065235e-08,3.09330356647837e-08,6.95484127497586e-08,7.1776583867483e-08,1.36059672366971e-07,6.17490021184937e-07,6.08247560501052e-07,0,5.44888003656662e-07,5.25607650912222e-08,9.00068424756452e-08,7.69573041321593e-08,4.04884457711104e-08,2.64695129316773e-08,1.38585807087319e-08,2.90985135770298e-08,5.31766027836479e-08,8.30123088760739e-08,6.0538547710481e-08,2.55157365225822e-08,1.07716348516463e-07,8.89034439449234e-08,8.99888171495065e-08
4.50557519886784e-10,9.72109931043292e-09,8.78765227257152e-08,1.84847282871602e-08,1.43717152778762e-08,1.08280687295207e-08,4.37135133032321e-09,1.34068831788172e-08,1.27184352800915e-08,2.24877928369503e-08,1.25982320635962e-08,5.17206826823595e-08,1.08168549989228e-08,6.05265979907095e-09,7.4846221789506e-09,9.5098418410343e-09,1.93737814011205e-08,6.78648257810673e-09,6.71648432168598e-09,6.33455232216294e-09,1.00925129162288e-08,4.05944999034232e-09,6.17346786833377e-09,9.78203463714825e-09,8.81345268847167e-09,2.00974386562028e-08,2.05046558535687e-08,7.65032454999879e-09,2.92374508301343e-08,2.99449266303143e-08,5.0600317564195e-08,0,1.71134528462468e-08,2.91688638926493e-08,2.49665104015717e-08,1.29594089901962e-08,8.38022830162552e-09,4.34293427531457e-09,9.03095600586202e-09,1.62173238608515e-08,2.40929293458464e-08,1.75955492416489e-08,7.43203654051131e-09,2.12454158110177e-07,2.56550700446043e-08,1.70032370216769e-07
4.04673785967354e-10,8.86240163831413e-09,1.51521763232237e-08,1.49854430566228e-07,1.40337246807245e-07,1.7280016055322e-08,6.44362222902477e-09,2.01612967394839e-08,1.55659628850129e-08,3.07522415422304e-08,1.05940383810333e-07,7.9348487117678e-08,9.72731993820297e-09,5.70486558978813e-09,6.81849894697324e-09,8.59939153277537e-09,1.76774915667758e-08,6.33522732301523e-09,6.19907005561506e-09,5.86336283689441e-09,8.8386435704111e-09,3.70890668591226e-09,5.66882223070558e-09,8.6757345120379e-09,7.85698130832536e-09,1.80949526970643e-08,1.85506035513165e-08,6.9964499072934e-09,2.64162563172856e-08,2.68283338505416e-08,8.07761405973663e-09,2.55612697005614e-08,0,2.84178094400999e-07,2.55215705437133e-07,2.01660907592797e-08,1.30340430399029e-08,6.50253674012612e-09,1.26791188319306e-08,2.04851959164646e-08,2.19544590739611e-08,1.61569858646731e-08,6.98554210519903e-09,4.03289199167581e-08,2.35128906048906e-08,1.99114906425491e-07
2.21456246155836e-10,4.88863151735661e-09,8.11839238803031e-09,1.34115375245565e-08,1.19053724489834e-08,9.20405463141886e-09,3.43936256728145e-09,1.08022724004614e-08,8.20718646808297e-09,1.61288907311764e-08,9.20540248030906e-09,4.18453469375875e-08,5.35511807801279e-09,3.14131610011472e-09,3.75284304847636e-09,4.72137938652833e-09,9.73500918149593e-09,3.47474305237317e-09,3.39107005264882e-09,3.21694106794243e-09,4.8073481015946e-09,2.01922293453679e-09,3.10582503252218e-09,4.74476318580474e-09,4.26379845680341e-09,9.89848293062549e-09,1.00282193771098e-08,3.7686913429255e-09,1.43181159481312e-08,1.44550999689675e-08,4.36404122529717e-09,1.37971931164532e-08,9.02894220926712e-08,0,1.45393063738e-07,1.06888691781532e-08,6.97414793668378e-09,3.48866530430376e-09,6.652056684682e-09,1.07390775809834e-08,1.21185383762191e-08,8.90884567410962e-09,3.85790164767673e-09,2.19863395269945e-08,1.29184821847288e-08,1.08474628562719e-07
2.21367084867828e-10,4.85967501550341e-09,8.26555361806788e-09,1.37216034399876e-08,8.07465138846738e-08,1.01878190820051e-08,3.77605057268947e-09,1.19445294295227e-08,8.58379067282816e-09,1.663534698416e-08,9.79047759298111e-09,4.5219909240291e-08,5.32383760849395e-09,3.14519153477424e-09,3.73939444945231e-09,4.63317132200275e-09,9.69806005911751e-09,3.45979559542323e-09,3.38324015585341e-09,3.20800970860156e-09,4.81236779149575e-09,2.02467300915401e-09,3.1073730759155e-09,4.78423081270918e-09,4.28834710233201e-09,9.90843487759369e-09,1.00521463472347e-08,3.84061822987632e-09,1.44257344171616e-08,1.4479392501958e-08,4.39525461704842e-09,1.37937615927848e-08,9.34075761966457e-08,1.66734740031258e-07,0,1.16667795089727e-08,7.7353499222395e-09,3.84980801470289e-09,7.22882763365647e-09,1.14161342172276e-08,1.20527103805903e-08,8.87868194013434e-09,3.87976797796522e-09,2.20220438807012e-08,1.29237009220571e-08,1.8541560413086e-08
3.6040515077869e-10,7.55924874891064e-09,1.41251730195836e-08,2.23747639361513e-08,1.59802056606489e-07,1.41186159293005e-07,8.88415125889646e-09,2.80139232217521e-08,1.72361741737216e-08,2.83274252351045e-08,2.08079524711051e-08,8.8901859277468e-08,8.44590350006333e-09,5.01984515004461e-09,5.88616403289651e-09,7.36657155983956e-09,1.54374133905849e-08,5.58403251261799e-09,5.5399387806141e-09,5.12712377437423e-09,7.97486389315962e-09,3.39954489292705e-09,5.05789316592238e-09,7.99451142822667e-09,7.29762624684265e-09,1.60951639428802e-08,1.6862634661548e-08,6.77509756677381e-09,2.38233068471497e-08,2.42400573362297e-08,7.29267332187159e-09,2.23425428045091e-08,2.29235288550969e-08,3.83420737583762e-08,3.6393660004155e-08,0,1.85302444129615e-08,8.93893892672261e-09,1.08279585298576e-07,2.61846382086268e-08,1.88697466960803e-08,1.39540608154765e-08,6.15607774374411e-09,3.37942927047853e-08,2.06099752825232e-08,2.86963117777735e-08
3.04326919207498e-10,6.37364918403633e-09,1.12568054877193e-08,1.7867864686756e-08,2.11810203842715e-08,1.29107303655198e-07,7.61488453610877e-08,4.521558589973e-08,1.47214541308225e-08,2.31628749246114e-08,1.71620191368778e-08,7.30331172917091e-08,7.07629191842532e-09,4.22478068851847e-09,5.01308200957247e-09,6.20521717881361e-09,1.2783234313394e-08,4.74584027458082e-09,4.57515796592649e-09,4.30339187434377e-09,6.75374552864719e-09,2.87943615002855e-09,4.26184587441979e-09,6.89551901740748e-09,6.32680018797768e-09,1.32977046590344e-08,1.42694609557528e-08,5.85595472647707e-09,1.97060842994475e-08,2.03437616310286e-08,6.16936081686478e-09,1.84391213327028e-08,1.88692588614393e-08,3.20635100938018e-08,3.08989257052576e-08,2.31919129964529e-08,0,8.67433418732584e-08,2.20237516176632e-08,2.70483707883675e-08,1.60560219538249e-08,1.13932463760996e-08,5.23197526831247e-09,2.80120331868077e-08,1.72241864565152e-08,2.3366671436485e-08
3.93668215171183e-10,8.06318655395703e-09,1.43735821488128e-08,2.17994547195736e-08,2.6248823704424e-08,2.61752997025306e-08,1.06148650059947e-07,5.24752536266442e-07,1.83968976875712e-08,2.87549717599587e-08,2.10897401563572e-08,9.00405755700265e-08,9.02389158887004e-09,5.38047645501626e-09,6.35901612990837e-09,8.00803011372148e-09,1.63648856883533e-08,6.14183062272507e-09,5.93993508765132e-09,5.36598297999632e-09,8.77510142964813e-09,3.73255379241283e-09,5.59246207443616e-09,9.05670140542738e-09,8.20773807338731e-09,1.6762927953269e-08,1.83252274388349e-08,7.66735939221725e-09,2.5332667317092e-08,2.59062669385704e-08,7.89582441351007e-09,2.34606152214477e-08,2.28075808431368e-08,3.91662218403701e-08,3.78117843613504e-08,2.81339159119007e-08,2.26803637753254e-07,0,3.00258255784209e-08,3.67813593616955e-08,2.02709170756065e-08,1.43192589802586e-08,6.65185062348524e-09,3.46347289276691e-08,2.16487174062517e-08,2.90108783252705e-08
3.77663306536725e-10,7.65695535635187e-09,1.30614819061253e-08,1.96790588484672e-08,1.34366815924145e-07,1.26817459653039e-07,7.09433402336675e-08,3.99420397293817e-08,1.07140609782099e-07,2.54541868537942e-08,1.17628931185016e-07,7.71371684558413e-08,8.69411215489531e-09,5.20985895835865e-09,6.00846879664792e-09,7.55512268847646e-09,1.56420118720383e-08,5.7330133735459e-09,5.79995833922718e-09,5.35098542193499e-09,8.39679205441175e-09,3.61567794771959e-09,5.22184155578434e-09,8.46660653749182e-09,7.81372445275097e-09,1.60803153685316e-08,1.75130442493728e-08,7.06870434541261e-09,2.35735139927651e-08,2.4161577238896e-08,7.16069871024593e-09,2.13790465769254e-08,1.96756681692903e-08,3.27431297427303e-08,3.10177157835611e-08,1.45009042203022e-07,2.35656773418692e-08,1.25614088823539e-08,0,2.21296526758896e-07,1.90445022530911e-08,1.38633606541717e-08,6.26049042128698e-09,3.09063068680088e-08,2.0556164313041e-08,2.5907944841487e-08
3.05727954174976e-10,6.15046094067086e-09,1.01346910710342e-08,1.4147613561606e-08,1.4386438035528e-08,1.27501777362378e-08,6.53988671207367e-09,2.11486532232543e-08,7.99415164583921e-08,1.80331654581566e-08,1.37053955316402e-08,5.14518222591494e-08,6.93537386228184e-09,4.14813936377407e-09,4.87802879442016e-09,6.00448237856891e-09,1.24028344046427e-08,4.56317569544431e-09,4.67499256494618e-09,4.329650167248e-09,6.71642171475754e-09,2.89413673517349e-09,4.12397940255345e-09,6.54993068759883e-09,6.18081665817981e-09,1.2901379239215e-08,1.38695053610306e-08,5.5177208146765e-09,1.84950581713586e-08,1.90374012994242e-08,5.45085981550293e-09,1.59653494901846e-08,1.35112250396307e-08,2.22028608573019e-08,2.06377465099399e-08,1.51769015064093e-08,1.23783443937877e-08,6.59288097893704e-09,9.21783560131706e-08,0,1.50678162001547e-08,1.11706773439014e-08,4.94169771569584e-09,2.25856802993191e-08,1.64884504151901e-08,1.91598752870706e-08
4.74511822036669e-10,1.16761016282189e-08,2.98218710329396e-09,3.62023124529216e-09,2.78204340820069e-09,2.22388127216765e-09,9.27114665442208e-10,2.70536549368591e-09,2.68537734465861e-09,4.48312760176729e-09,2.56437834404688e-09,1.02923797301552e-08,1.27984503539688e-08,7.3090955465371e-09,9.05824646808019e-09,1.09355181068123e-08,1.27093862424789e-07,6.88519264386813e-09,6.47070746747848e-09,6.71564442003442e-09,1.01263729844167e-08,3.17321512977627e-09,4.75521020958012e-09,6.71624600377236e-09,5.06505867817973e-09,1.1262150103607e-08,9.26293156655761e-09,2.20314169469731e-09,8.27981517014716e-09,8.48063882608503e-09,2.06688001528232e-09,5.72629796647664e-09,3.41272742057017e-09,6.12187230627051e-09,5.27440944053881e-09,2.55536727686676e-09,1.78475023434671e-09,9.06452520498839e-10,2.00313910454231e-09,3.64958267242575e-09,0,1.8144745528635e-08,4.65855755496076e-08,7.26624809283069e-09,2.01390139807126e-08,5.9072086211623e-09
7.3294826688752e-10,1.71134331045764e-08,5.0698711069098e-09,6.11692417870675e-09,4.82248490212761e-09,3.73744828689077e-09,1.58818430652279e-09,4.65619293878128e-09,4.5305304268942e-09,7.61213345408611e-09,4.38025000579056e-09,1.76561367058195e-08,1.90716101547199e-08,1.0816251027916e-08,1.35601772577849e-08,1.66189101517486e-08,3.38463451498242e-08,6.58601820261976e-08,1.03847705107282e-08,1.03969517042748e-08,1.59550117337411e-08,5.24556217719957e-09,8.13671114725365e-09,1.16050966779075e-08,8.6044640988032e-09,1.94020954403533e-08,1.5719318573591e-08,3.77812902462873e-09,1.42301232720322e-08,1.45061121208987e-08,3.51741534024735e-09,9.70962928811842e-09,5.81760072237448e-09,1.02890011333094e-08,8.90085690176535e-09,4.37831812446151e-09,3.02928127463303e-09,1.55592261982628e-09,3.43525425821874e-09,6.26765196715044e-09,4.25821243313374e-08,0,7.95348652388774e-08,1.24338628597505e-08,3.44884877205973e-08,1.00698492047333e-08
1.52197797605666e-09,3.54061650222404e-08,1.06964918105188e-08,1.2883027794706e-08,1.02030980036284e-08,7.87134623238295e-09,3.35020573454759e-09,9.83768997315109e-09,9.55110371202443e-09,1.60826788650548e-08,9.22212341567303e-09,3.7296857279696e-08,3.9504538487272e-08,2.23208019375513e-08,2.80635760279817e-08,3.4433407083386e-08,4.06303790412739e-07,1.37270114293325e-07,2.1594178852486e-08,2.15746005357102e-08,3.31318246947177e-08,1.09611266705448e-08,1.00628085178158e-07,2.44168639853678e-08,1.80877049737532e-08,4.09448907672546e-08,3.31088529042003e-08,7.97051247432330e-09,3.00340949725173e-08,3.05975015393103e-08,7.42113223522452e-09,2.04884832175456e-08,1.2291486745497e-08,2.16953636057892e-08,1.8790379668268e-08,9.24378860590783e-09,6.38352302988986e-09,3.28650976550157e-09,7.22965297895746e-09,1.32253657143941e-08,5.14911243272446e-07,3.81818355236403e-07,0,2.62577350938396e-08,4.15775477371697e-07,2.12646699554905e-08
2.93884815114541e-10,6.48344062450425e-09,6.20985064544447e-08,1.48625674995363e-08,1.14381544766431e-08,8.70079082654964e-09,3.38307109512512e-09,1.04206685538196e-08,9.35698680372891e-09,1.78422419940711e-08,9.7522272921769e-09,4.11478419034666e-08,7.18612303758164e-09,4.06705597139918e-09,4.9520033773865e-09,6.22584116150056e-09,1.29025504658699e-08,4.49954102300862e-09,4.44174396829984e-09,4.20330426406108e-09,6.60292279972987e-09,2.66510643099484e-09,4.08312053189292e-09,6.27871686322327e-09,5.65244099534505e-09,1.31962843520576e-08,1.34721197881019e-08,5.00982902183e-09,1.9036763624946e-08,1.9344542960303e-08,5.75095568742721e-09,1.16388393463124e-07,1.40842441978879e-08,2.40502209812029e-08,2.1089135019095e-08,1.03435102899409e-08,6.61556679946313e-09,3.37567801436881e-09,6.84897698161377e-09,1.18632518749145e-08,1.57072474634819e-08,1.17426014569294e-08,4.96037485124375e-09,0,1.70753970487121e-08,1.39543139048546e-07
5.06028463261555e-10,1.11011766935805e-08,4.34656607443361e-09,5.22219013047576e-09,4.21334834607552e-09,3.22855189277593e-09,1.36965678171475e-09,4.06987611001489e-09,3.89100287805001e-09,6.60860410703516e-09,3.70027363126462e-09,1.52027028929326e-08,1.25595550354077e-08,7.12035634817821e-09,8.86451977098129e-09,1.10843713099519e-08,2.23022683067704e-08,8.09557421935216e-09,7.38820747999228e-09,7.14308774487478e-09,1.11741485131641e-08,4.03617014140366e-09,3.90151267947291e-08,9.85767200767174e-09,7.25715218860883e-09,1.69825232764198e-08,1.36953491000081e-08,3.2167438493446e-09,1.22679604595964e-08,1.26030964519514e-08,3.01496682873323e-09,8.42857305111609e-09,4.94327390213096e-09,8.72913051711128e-09,7.57541115126458e-09,3.81062023525137e-09,2.63503829438207e-09,1.37372553391974e-09,2.89062779822652e-09,5.41787180605702e-09,2.78074972885143e-08,2.02792527027433e-08,5.3006869425811e-08,1.07109450487823e-08,0,8.67974261180541e-09
3.49024733595317e-10,7.6942756249266e-09,7.50956286434407e-08,1.07180712480175e-07,1.39579906090824e-08,1.05941838449056e-08,4.12798378867886e-09,1.27219175457095e-08,1.14552372741064e-08,2.17996756176957e-08,1.19353922035936e-08,5.00892200221739e-08,8.5056437316831e-09,4.83561477827547e-09,5.86736167120125e-09,7.38160759939645e-09,1.53021860535099e-08,5.35053589611566e-09,5.28456275932543e-09,4.99677107007456e-09,7.84639223230894e-09,3.17434312383291e-09,4.85364670873126e-09,7.46522117857755e-09,6.73400767293325e-09,1.56851646460953e-08,1.60539304309944e-08,6.01252950809027e-09,2.27210111987835e-08,2.30976913793698e-08,6.87933090541598e-09,1.39113871371782e-07,1.03821608042147e-07,1.72538978099714e-07,2.5520998119997e-08,1.2647770278614e-08,8.08245036110697e-09,4.11825822559812e-09,8.37347886736485e-09,1.4480444010106e-08,1.86186667266945e-08,1.39024558731614e-08,5.88639971870491e-09,2.11106424143458e-07,2.02474794873151e-08,0
