"5319455","5319212","5319573","5319845","5319142","5319821","5319364","5319137","5319743","5319548","5319698","5319110","5319780","5319473","5319130","5319001","5319256","5319050","5319075","5319532","5319450","5319100","5319290","5319693","5319397","5319533","5319785","5319392","5319622","5319807","5319760","5319585","5319824","5319355","5319513","5319300","5319022","5319517","5319701","5319318","5319809","5319418"
0,0.000696613613249319,0.000457703308559119,0.000216708643431725,0.000201690718800905,0.000116593152240982,0.000181696122710296,9.00641140649335e-05,9.02720317035433e-05,6.49935153005902e-05,0.000101191354655885,9.22402467883901e-05,0.000152743847557765,0.00010372242674743,6.83251286910801e-05,2.54954282872232e-05,4.6202723638671e-05,6.15479903840451e-05,6.04799188517284e-05,4.87299417961909e-05,7.50282710521955e-05,3.70622070055928e-05,0.000205880079205988,0.000110906920382098,4.14115076334635e-05,0.000141470297194742,0.000189158274136767,0.000175554020209863,0.000145440430345137,6.51473709384651e-05,0.000119355314824223,0.000142489561569192,0.000124016083410059,8.44080560556124e-05,0.00260962918017736,0.000175401095057656,7.46099006788499e-05,8.05943497222301e-05,0.000118484099197129,4.99787417642716e-05,7.65932932560493e-05,0.000106465572600998
0.000529380659909776,0,7.40605155486475e-05,0.000205861350326279,0.00114665719045249,0.000686619045874017,0.000180422010945426,8.86700762294836e-05,9.01931659244933e-05,6.36411320034771e-05,9.7943348269168e-05,8.86898385195224e-05,0.000146428775711983,0.000101260852415256,6.68254419427711e-05,2.52072398701679e-05,4.50822531274909e-05,5.98777442022539e-05,5.91322910362734e-05,4.7838528521782e-05,7.39741382242474e-05,3.65970785067114e-05,0.000203115260014644,0.000109956157307528,4.10084889203559e-05,0.000141215878682748,0.000186621704330222,0.00017459191584792,0.000143176442118631,6.42438596541577e-05,0.000119055598119598,0.000142521735814395,0.000123305496669768,8.51680284269807e-05,0.00244660513059844,0.000168147444566695,7.4209668674246e-05,8.08737438016412e-05,0.000118438583654482,4.82145315098835e-05,7.35662165907627e-05,0.000100988806074538
0.000771569733642319,0.000159775821171352,0,0.0020664281861621,0.000306010936778846,0.000166289501742609,0.000266461935698757,0.000138378916962681,0.000132320645958533,0.000100917072170243,0.000158893940707168,0.000153123069147835,0.000253825781123052,0.000167339251247755,0.000107758099467607,3.88588964419362e-05,7.39717731824475e-05,9.95201737803974e-05,9.60528080084483e-05,7.69564848990258e-05,0.000117706831386357,5.75229987818792e-05,0.000319955299739668,0.000168914076270101,6.36766754166667e-05,0.000206412155556308,0.000294045946996963,0.000272280017339545,0.000223444779026595,0.0001008661848348,0.000182056463159893,0.0002130949828476,0.000184545180821784,0.000117544511058492,0.00401425565873421,0.00156806334226295,0.000114563990143756,0.000111119607911508,0.000176732395928969,8.26710542789542e-05,0.000128991681187322,0.000185077926853663
4.5901479978989e-05,5.72720415128808e-05,0.000261179871575044,0,0.000684657382474547,6.31262413327231e-05,0.00010209886501756,5.398417967683e-05,5.12389298050441e-05,3.92612007571945e-05,0.000308902919829337,5.91701409636353e-05,9.58228614266523e-05,6.39928853575114e-05,4.17243003857535e-05,1.50138329563227e-05,2.84250718452406e-05,3.81512538645463e-05,3.70240331731515e-05,2.97224502572242e-05,4.57251618724109e-05,2.22771301017897e-05,0.000124452900423039,6.53495294969404e-05,2.46649221506076e-05,7.9489860604418e-05,0.000114384942992914,0.000107008983582722,8.66125272262065e-05,3.89912805241536e-05,7.12435309974305e-05,8.32179245006222e-05,7.13392493976199e-05,4.56536965266223e-05,0.000249995771940794,0.000591564850118334,4.4860074631213e-05,4.20870483150503e-05,6.85286503825446e-05,3.14370655686814e-05,4.89392336645506e-05,6.95440621490756e-05
5.56875277048572e-05,0.000416251070343077,5.11716599181937e-05,0.000889946442770019,0,0.000472665884197857,0.000772603202684096,0.000392282409298251,6.44847515998762e-05,4.76757265418401e-05,0.000371414579849749,6.83545618292014e-05,0.000110747288718431,7.59866986872779e-05,5.01014828339674e-05,1.84164892449313e-05,3.38576197696858e-05,4.5105990673191e-05,4.42699932684855e-05,3.57082542318849e-05,5.52365233001933e-05,2.70429880134228e-05,0.000151467425138301,8.01015880532233e-05,3.01176700325521e-05,9.8994713924651e-05,0.000138894192391182,0.000131370511170713,0.000105488198453608,4.73321331099586e-05,8.8355288965779e-05,0.000103537983548366,8.96395369312895e-05,5.81481671892999e-05,0.00167708608751436,0.000711330232023264,5.50110073217138e-05,5.34604852598629e-05,8.43673858127893e-05,3.66226962210961e-05,5.63838622573374e-05,7.81917175731194e-05
7.30920130329996e-05,0.000565628426500186,6.37045119600785e-05,0.000187113141187412,0.00107603386507636,0,0.00110197067577903,9.03542896894094e-05,9.29704737830729e-05,6.4482640154184e-05,9.42720927978451e-05,8.66097133230797e-05,0.000141455117401934,0.000100415168357091,6.73152723050095e-05,2.56589271374449e-05,4.53714026922431e-05,6.01193261436091e-05,5.99429919295458e-05,4.86100292291484e-05,7.59109937199669e-05,3.74084368489933e-05,0.000210183082769281,0.000113236030037712,4.19352059678819e-05,0.000143390990764331,0.000191737567304015,0.000182755069880482,0.000146287857197819,6.51447537541519e-05,0.000124472000811726,0.000147499788280176,0.000128968959092022,8.62812580026878e-05,0.000369399660233508,0.000152218767855884,7.70353679390209e-05,0.000473511126440315,0.000119612871942004,4.78061883746686e-05,7.26413393665471e-05,9.7385920493006e-05
3.95166760783587e-05,5.18450982691355e-05,3.54695926843368e-05,0.000105459377791669,0.000603227492763009,0.000378799733297735,0,0.000319501321822212,0.000329293831539533,3.90012677540376e-05,5.46961108695195e-05,5.07194684625693e-05,8.33342746131112e-05,5.98921538024993e-05,4.06105407960791e-05,1.54805479293279e-05,2.7390456208835e-05,3.62780879633749e-05,3.62580405150364e-05,2.94121622030976e-05,4.60830128362331e-05,2.26309196722595e-05,0.000129210849023755,6.89262336381101e-05,2.53553621766493e-05,8.5848758178615e-05,0.000116383989584974,0.00011075673769057,8.87539874570447e-05,3.96607384811491e-05,7.60369131832516e-05,8.92608673619752e-05,7.84502688402958e-05,5.06491322987329e-05,0.000203365077612607,8.45897520016114e-05,4.68701356501926e-05,0.000271212340414822,7.15174946018702e-05,2.88058585243481e-05,4.36770128254669e-05,5.79646046414947e-05
7.19551911395377e-05,9.33716544587565e-05,6.78903554493892e-05,0.00020413129304141,0.00113418911073812,0.000115332546726675,0.0011881224775963,0,0.000638135557377379,0.000481421427140047,0.000546440577319262,0.000624098915194615,0.000175710535274046,0.000775566268303589,8.75631827560241e-05,3.23301955896006e-05,5.88700354532869e-05,7.80533706220344e-05,7.7469950404976e-05,6.26577336936296e-05,9.78908625573046e-05,4.76414354876958e-05,0.000274932609754312,0.000142600428817419,5.30539822450087e-05,0.000171399885729774,0.000248179782988415,0.00023301734518163,0.00018746185365307,8.37582486466406e-05,0.000159472469796776,0.000181954959175454,0.000158382681071551,9.50896930452451e-05,0.000380748632620901,0.000160215518714437,9.85892722752044e-05,8.29172655988269e-05,0.000146965043189761,6.1866749528476e-05,9.51944998251909e-05,0.000126075670549252
6.38028194388827e-05,8.38288414463091e-05,5.75378035863874e-05,0.000168828806906751,0.00016587787864819,0.000105098160257323,0.00108364618323206,0.00056476587551216,0,0.000415468487495997,9.12939268505172e-05,8.54609889626607e-05,0.000144332438140785,0.000108384246103871,0.000444473060326834,3.06252719143451e-05,5.19537825135294e-05,6.89061878910884e-05,7.00961722097349e-05,5.70772737891309e-05,9.07276633222867e-05,4.45817411957494e-05,0.000258139160201757,0.000136348138711399,5.01195006217448e-05,0.000174681093705109,0.000231530056517827,0.000217846225075287,0.000175788594890184,7.73885382611736e-05,0.000152583149740131,0.000177440237553212,0.000941933920400117,0.000583956038523934,0.000326826364042363,0.000136819290601239,9.44008644061825e-05,0.000501386762668847,0.000145774187291017,5.35425492801289e-05,8.01986620618272e-05,0.000101370615095862
8.15383626758126e-05,0.000105067149978325,7.7884126953534e-05,0.000231410005662621,0.000218025773922511,0.000129497979681991,0.000225417973075422,0.000778355497019887,0.000756499650023209,0,0.000125594438954767,0.000126072210292684,0.000216670045137023,0.000995774453873199,0.000665303185980765,4.21380872221072e-05,7.72294253660276e-05,0.000104451975939724,0.000103103378146799,8.22225022438704e-05,0.000128974116398785,6.23508978053691e-05,0.000362787877497559,0.000184969333598975,6.90997462999132e-05,0.000217682067163572,0.000328483893977055,0.000304826257636928,0.00024534062203795,0.000109449207026106,0.000207322095751577,0.000231526297239505,0.000198133940518635,0.000113315615367017,0.000431485786072477,0.000181400950621884,0.000130391877738889,9.66758293956741e-05,0.000190652362265042,8.08775222153237e-05,0.000124500487061827,0.000159658452668004
0.000210886792988506,0.000269485506039448,0.000203624258071553,0.00360263059187656,0.00332499471238688,0.000317343627578316,0.00052698318673003,0.00168447720583743,0.000270140879676621,0.000208614944125452,0,0.0017770163341658,0.000489519090494358,0.000337887203840715,0.000220433290630945,7.94877748755597e-05,0.000150205673415279,0.000199383968585039,0.000194969178553713,0.000156929761854203,0.000242533355412869,0.000118103725832215,0.000669965804197852,0.00034921787529529,0.000131676152824436,0.000419442562671094,0.00060840436370487,0.000576207359086204,0.000459262952607202,0.000206296650598741,0.000385716979966713,0.000445083762561399,0.000382663973416916,0.000238098658807436,0.00113434064963634,0.000473750425676016,0.000239997449725171,0.000214723840712332,0.000359571317223954,0.000161347438790818,0.000250933794748827,0.000347079457113861
4.71548229971573e-05,5.97295447702502e-05,4.73067290215969e-05,0.000140825490787949,0.000126005453125,6.94963432770545e-05,0.000117663018718992,0.000394206422584461,6.16072405013152e-05,5.05131423422702e-05,0.000363117194142528,0,0.000754165843914562,0.000507127065030382,5.47347697011731e-05,1.91123848948774e-05,3.76704384014347e-05,5.07717577698695e-05,4.90387762556193e-05,3.92310238192316e-05,6.05413874620271e-05,2.91570485749441e-05,0.000167172384542792,8.56812963853707e-05,3.2017322828776e-05,9.91725508876541e-05,0.000150732464064785,0.000141469495783926,0.000112579816050351,5.07924102121089e-05,9.3416014686989e-05,0.000105626303232039,8.92008716489544e-05,5.38109456754768e-05,0.00025655240859385,0.000106292044926733,5.88754773794983e-05,4.80325173867065e-05,8.66177632143194e-05,4.16050419454979e-05,6.57178753036158e-05,9.0107565010271e-05
6.03359248016314e-05,7.5904255931075e-05,6.12678547207679e-05,0.000180333773958651,0.000159361926911765,8.9305372067399e-05,0.000151358157656503,8.7403747093267e-05,8.0498064904843e-05,6.81772764571991e-05,9.25141531170758e-05,0.000592525508552111,0,0.000711233018809951,7.67549132569753e-05,2.62045062852164e-05,5.41164881864329e-05,7.48185909753114e-05,7.0572695663463e-05,5.61122082475919e-05,8.65686875283071e-05,4.12981793322148e-05,0.00023866059258054,0.000119821374480575,4.48820886773003e-05,0.000135700514480282,0.000213355616353616,0.000198766994772257,0.000157676551430599,7.09551520569897e-05,0.000129547294402593,0.000143827325250508,0.000119040400186101,6.96086984353001e-05,0.000327471413697844,0.000135448986547661,8.27845904585173e-05,6.18250522263896e-05,0.000119831751364881,6.11194406416753e-05,9.82063451973503e-05,0.00079628864294483
5.23587074440737e-05,6.66464842147634e-05,5.14678472294939e-05,0.000151884337756907,0.000138797711858032,8.12251426583266e-05,0.000140133564961815,0.000487619400810171,7.80658443215225e-05,0.000386537118977902,8.17200101950737e-05,0.000504666917826034,0.000904388514825363,0,0.000448801434668939,2.65033832318053e-05,0.000304934269053362,7.35396840061536e-05,7.08808407223686e-05,5.55292032481392e-05,8.67136312537973e-05,4.13869494172259e-05,0.000241687607875041,0.00012019354370286,4.52386498003472e-05,0.000137780122157474,0.000217957361877179,0.00020037960807924,0.000160109467563126,7.16490950949828e-05,0.000133317027864401,0.000145737697619359,0.000120629466144277,6.87123620456291e-05,0.000280172764820722,0.000117472580505061,8.51635084914968e-05,5.90425043526691e-05,0.000121854269585341,5.72195431805215e-05,9.00183926281167e-05,0.000687166345754671
6.94270837584971e-05,8.92961260156056e-05,6.78602157231675e-05,0.000199246802881625,0.000183183743651018,0.000110441746757187,0.000191660799464853,0.000113041645992572,0.000659163953629893,0.000541196011026216,0.000109107363083301,0.000111887932865323,0.000199153220744224,0.000940566797091757,0,0.000210846288885358,0.000457064554830725,0.000111024331470566,0.000109067182109363,8.46510754446694e-05,0.000134060255318973,6.35569607472036e-05,0.000369695809656687,0.000185871557065604,6.94949447146267e-05,0.000212985790608484,0.00033549411467214,0.000307804224538867,0.000248269555666368,0.00011045678164297,0.000206154929254263,0.000220829780267208,0.00107231950205691,9.96513771182644e-05,0.000372651305474033,0.000155552599385669,0.00013244715875458,8.37303523575195e-05,0.000189687022419004,8.353546813941e-05,0.000129025133774956,0.000156203148718576
0.000478021006260042,0.000615489201987862,0.000449489508781632,0.00130263229294078,0.0012416438988405,0.000767330279563331,0.00133475665391047,0.00076804726123158,0.000822484201237815,0.000641410033639109,0.000724853658063362,0.000708510144164586,0.00124977313954863,0.00100972683397027,0.00426319518569013,0,0.00311612361305953,0.000754297165202402,0.000784478192057433,0.000626960929906414,0.00102627435916598,0.000493094470928412,0.00288414199586723,0.00149554578407215,0.000549186052517361,0.00180284672999051,0.00254978651743336,0.00241065230806512,0.00197371132821605,0.00494825386169221,0.00985136826036557,0.0106792483184557,0.00858119800624418,0.000788793895318699,0.00249043522510527,0.00104124141551186,0.00106010751987222,0.000639737422548715,0.00157910471264759,0.000564869665090445,0.000829290227143711,0.000947106988479409
7.0023299033494e-05,8.88543542064033e-05,6.87193774858202e-05,0.000194686177566018,0.000180892676289593,0.000106294488235693,0.000188628140269803,0.000111213324706481,0.000110844317448553,9.37538406311479e-05,0.000107849899565977,0.000110181752741061,0.00020814831045137,0.000960975406083999,0.000690577184118051,0.000228037842857092,0,0.000950866050303974,0.000156618442070997,0.000698660382935639,0.000191708497448219,8.66904847651007e-05,0.000516867292019199,0.000242547659641383,9.05496003027344e-05,0.000269052931474455,0.000452720159459003,0.00238863001750423,0.00194973021922157,0.000785336146553231,0.000250561197999883,0.000251482766350121,0.00018565605062197,0.000100858132519519,0.000369042394813066,0.000155291355277204,0.000176032633470356,8.55078196427061e-05,0.000247189761414943,0.000121091554206799,0.00107787670850584,0.00110896597256187
3.32661956000494e-05,4.21102716698662e-05,3.3033576223822e-05,9.10205451546014e-05,8.16165097115385e-05,5.00997916514104e-05,8.66080506577847e-05,5.22251510078471e-05,5.11782274176079e-05,4.42847122512239e-05,5.02944665491735e-05,5.16018648961442e-05,9.7426525631381e-05,7.52261232258188e-05,5.60361472389558e-05,2.1256370823127e-05,0.000308627808730125,0,0.000630022837957293,0.000427830663119801,0.000127996598265672,5.30289301621924e-05,0.000333244939489099,0.000139082866504198,4.99639631456163e-05,0.000152792126683833,0.000260948471937915,0.000210267168944099,0.000159169683385627,6.47340435551541e-05,0.000124312893152885,0.000122689321239112,8.64604290440276e-05,4.82799021950595e-05,0.000172882016032921,7.20550246487739e-05,0.000101073246079583,4.05756126843575e-05,0.000145210972381222,0.000512655395580092,0.00068932907672969,9.86830556832632e-05
3.05100039636633e-05,3.88721893965197e-05,2.98023034205934e-05,8.22827576507898e-05,7.43890941544118e-05,4.68120705621101e-05,8.03592518980991e-05,4.85334879956871e-05,4.86643292557636e-05,4.11129373667475e-05,4.58771217611347e-05,4.57373788344399e-05,8.71507096910263e-05,6.7393197410861e-05,5.1875057359702e-05,2.05738919181658e-05,4.96154113237824e-05,0.000587308151616251,0,0.000444866353205725,0.000144802216777133,5.84321203176734e-05,0.000373120066311422,0.000152169296011812,5.25093821126302e-05,0.0001723647654628,0.000273815747733663,0.000215208246094485,0.000160582270166592,6.29085470980712e-05,0.000125999662821187,0.000122778754283188,8.39251846123708e-05,4.72052688067964e-05,0.000155937610897027,6.54881530565487e-05,0.000111394595713145,3.91867256591749e-05,0.000164075443813167,7.51846499429473e-05,9.50821363625909e-05,8.23140492957058e-05
4.61564797046101e-05,5.89352290810007e-05,4.47470427694154e-05,0.000124232629965847,0.000113508356679864,7.09623426735829e-05,0.000123468941328948,7.3209250883551e-05,7.42632441435866e-05,6.22721951228439e-05,6.95646853542155e-05,6.97882499817263e-05,0.000129864037055347,0.000103071955738143,7.80373486630733e-05,3.13283828781235e-05,0.000422540049293116,0.000798381781861655,0.000892509883874593,0,0.0011495830390058,0.000474060947802013,0.000508279989123007,0.000225654874050092,7.95232418315972e-05,0.000250533516479198,0.00242645482521651,0.00196550032530585,0.000247688450627521,9.61060131723093e-05,0.000194371826129993,0.000189327486593752,0.000130612087563054,7.22608371544221e-05,0.000237595832531581,9.93210925323531e-05,0.000165994251047637,5.99621557725388e-05,0.000236125447742514,9.89670414404135e-05,0.000130148568414758,0.000119458858162966
1.88918407662835e-05,2.42023303133515e-05,1.81748566208551e-05,5.00089518783924e-05,4.582517697681e-05,2.92573298192975e-05,4.94232100340041e-05,3.01415127470948e-05,3.09451372891846e-05,2.54663638125086e-05,2.82921631990404e-05,2.73317130002436e-05,5.26665072111768e-05,4.05228403657278e-05,3.18754731584232e-05,1.31296046442829e-05,2.99547416002433e-05,5.79476409994069e-05,7.0238238683925e-05,0.000277458485867721,0,0.000248382937978747,0.0018184300934673,0.000113046729834922,3.58478018348524e-05,0.000138548086773275,0.000183476404257114,0.000139814595703934,0.000103637759338114,3.96600462866383e-05,8.22554282177061e-05,8.0809767640317e-05,5.33562521230227e-05,3.10267226481505e-05,9.61948103036876e-05,3.98974232237273e-05,8.08350973010429e-05,2.5480024753955e-05,0.000133759552092189,4.44166196093566e-05,5.49234546301408e-05,4.74546262838697e-05
5.35789872834013e-05,6.88126752539014e-05,5.1049188667103e-05,0.000141269074980179,0.000129640079686086,8.35486507051804e-05,0.000143368486794136,8.53729831002157e-05,8.85318334132756e-05,7.19395078670449e-05,7.95916156127356e-05,7.71525936970823e-05,0.000145878115077915,0.000113248937149845,8.94201377787466e-05,3.74900912195505e-05,8.22500475594664e-05,0.000148961262868846,0.000178005911934196,0.000746706291265324,0.00160517539235018,0,0.00438616878514481,0.00204126421659314,0.000103498866423611,0.000372716539829245,0.00303246718321899,0.000404203449185959,0.000298590798916779,0.000113168504316473,0.000239602226386942,0.000235066273577183,0.000156827252257701,8.94958666341354e-05,0.00027135436630088,0.000113570587413767,0.00140415862050174,7.33920603508079e-05,0.00216552096717673,0.000108458398523341,0.000140491004848652,0.000127142971938276
6.61762325794092e-06,8.49870734611097e-06,6.3156706359075e-06,1.73770097609319e-05,1.60329854722851e-05,1.02949117100624e-05,1.73309412202464e-05,1.05472809766982e-05,1.09424627572335e-05,8.89191642951915e-06,9.86490421712735e-06,9.4380497533045e-06,1.81626804648039e-05,1.40387013604922e-05,1.10733856082224e-05,4.62536003110114e-06,1.02867282606872e-05,1.95393747034401e-05,2.31750021430786e-05,1.60901897561843e-05,0.000238109782010494,8.86907579955257e-05,0,4.16647970684503e-05,1.27956391959635e-05,5.30648125694539e-05,6.46307863063772e-05,4.9447629860719e-05,3.65292629239504e-05,1.39373371015675e-05,2.92665783140621e-05,2.88833430349073e-05,1.89472395807826e-05,1.11311651014335e-05,3.35780292395049e-05,1.38990520267889e-05,2.93959858028751e-05,9.11048667268267e-06,5.1172126239728e-05,1.4599333677887e-05,1.82976052649738e-05,1.61034832803482e-05
1.66171821666049e-05,2.14457387958261e-05,1.55364482875218e-05,4.31330317253156e-05,4.00909022483032e-05,2.60385991948061e-05,4.51066956993143e-05,2.62484384973643e-05,2.78628139904069e-05,2.19422310083726e-05,2.4266032493345e-05,2.32666911585552e-05,4.32887622138635e-05,3.39965851645202e-05,2.68078180670049e-05,1.1616944020796e-05,2.35858749895121e-05,3.95529229166667e-05,4.62026018059216e-05,3.4548833491134e-05,7.10362510411489e-05,0.000185813715369128,0.000201535018060527,0,0.000181180230176866,0.000122256870707413,0.000148520488640198,0.000122003529324299,9.13567152024503e-05,3.43314677947089e-05,7.60841584413688e-05,7.53488825397865e-05,5.00691610411871e-05,2.90049377591834e-05,8.30785590404492e-05,3.50021759277909e-05,0.000436818640458517,2.36659327119935e-05,0.000697210336606215,2.84478173222136e-05,3.76646815346398e-05,3.60449769245818e-05
5.96111192250649e-05,7.67232717225043e-05,5.62319658627836e-05,0.000156846898603403,0.000146906104751131,9.30442441534445e-05,0.000164162596214951,9.41039919477058e-05,9.97153744762494e-05,7.94503034760031e-05,8.87096210593323e-05,8.66562617332643e-05,0.000157875342901666,0.000127313948670081,9.71841978056965e-05,4.15737967315232e-05,8.59128399452532e-05,0.000140214075937871,0.000156946909562471,0.000121021771480954,0.000221680259240541,0.000103098341651007,0.000613918799259681,0.00198791094620749,0,0.000353007196422279,0.00308060555989203,0.00263499150663467,0.000335327647665471,0.00012499340152089,0.00159779328433777,0.000264201338116445,0.000178874910294334,0.000100532583085883,0.000303737018036238,0.000127279982136563,0.00136831245107113,8.23854871295226e-05,0.000328889228738075,9.90848341947176e-05,0.00013573267327261,0.00013238497836007
5.04808031640094e-06,6.57278499814218e-06,4.48799456479058e-06,1.22483930475087e-05,1.21159883936652e-05,7.92331104387035e-06,1.32342170745304e-05,7.6020252246316e-06,8.43782672752592e-06,6.21695498124171e-06,7.08079999210867e-06,6.60668093896571e-06,1.19077150403009e-05,9.38648810906867e-06,7.3574433219721e-06,3.31068482471238e-06,6.19303468242648e-06,1.00053113638049e-05,1.16942737676329e-05,9.018577183669e-06,1.90675221817178e-05,8.76667627293065e-06,5.88782925724048e-05,2.78675487085527e-05,8.34610403645833e-06,0,3.76175070408278e-05,3.09943599378882e-05,2.40282493425967e-05,9.33854053522522e-06,1.97188225560617e-05,2.1451456945445e-05,1.42862290048484e-05,9.57670264943043e-06,2.41781074326911e-05,1.00030107079913e-05,1.80248836700179e-05,7.84746028735794e-06,0.000313231200939832,7.53875034567238e-06,9.65366220443463e-06,9.66706500048909e-06
1.09712708997652e-05,1.40764157449839e-05,1.04704668869983e-05,2.9172012691346e-05,2.70605289479638e-05,1.70325932414565e-05,2.99122704470706e-05,1.73879567374506e-05,1.80321595126102e-05,1.47480799766665e-05,1.63958439657621e-05,1.6260719257477e-05,2.98679216523375e-05,2.40001203557916e-05,1.82759971187381e-05,7.61086449934655e-06,1.67009093887654e-05,2.81436712763197e-05,3.25477465877383e-05,0.000144004329502791,4.47089893399613e-05,0.000115544671930649,0.000120208274991865,5.80672723601822e-05,0.000117188026536458,6.39342909743868e-05,0,0.000488331618435912,6.15249350104587e-05,2.31968221330342e-05,4.88469894096006e-05,4.7232652577117e-05,3.20774637372055e-05,1.79550426164725e-05,5.63060830675003e-05,2.35303420363563e-05,0.000253663343338344,1.47940105510279e-05,5.98819716019647e-05,2.04251350740007e-05,2.75812704503634e-05,2.60674793064658e-05
1.55794478235076e-05,2.0012215710924e-05,1.47803370004363e-05,4.15012413856193e-05,3.92860785690045e-05,2.42336814110388e-05,4.32629406014828e-05,2.48053861611956e-05,2.62956343803187e-05,2.08304376000824e-05,2.35221651366252e-05,2.33433104297375e-05,4.2194920542719e-05,3.42765769194023e-05,2.57474229338406e-05,1.08804107345369e-05,0.000128729579165793,3.50885902617141e-05,3.81117530344133e-05,0.000175087847191057,5.15460747224524e-05,2.37354891465324e-05,0.000141009439635535,7.16834870179308e-05,0.000150713598394097,8.09251856281339e-05,0.000732990500759195,0,0.000556026197930674,3.34487811665987e-05,0.000407857227341743,6.73644106850481e-05,4.64573930040648e-05,2.58486889831051e-05,7.96977664795202e-05,3.35836602975981e-05,5.20654368199756e-05,2.10470517921096e-05,7.40226670067063e-05,2.50800668322314e-05,3.53700279165517e-05,3.55375363347354e-05
2.12494345198369e-05,2.73085478062299e-05,2.01047964288831e-05,5.6849918829664e-05,5.40982474660634e-05,3.31805475674668e-05,5.90359356597358e-05,3.39107052563795e-05,3.60244666811078e-05,2.84006751955895e-05,3.19010138124599e-05,3.19032702320765e-05,5.74925627646427e-05,4.62898584839684e-05,3.48689924381737e-05,1.49666432147015e-05,0.000169638600846373,4.49324459982948e-05,4.82009072411254e-05,3.75392040923271e-05,6.41017330737365e-05,2.97487120771812e-05,0.000176522558232997,9.06507715668137e-05,3.33598284136285e-05,0.000104112544613091,0.000156312267343381,0.000870581879954828,0,0.000263806342043004,0.000553033686469283,9.16201568865021e-05,6.3997279269308e-05,3.55458761135287e-05,0.000109196340946791,4.61060686993303e-05,6.53466625458048e-05,2.86371840416232e-05,9.41109469915935e-05,3.19563347635668e-05,4.58208810033122e-05,4.74351228626626e-05
5.64835870077864e-05,7.20964494875526e-05,5.36836036943717e-05,0.000153846549935964,0.000146788221394231,8.93643910106455e-05,0.000158205161826189,9.08158245896729e-05,9.51038352514312e-05,7.5787638254335e-05,8.58114150193074e-05,8.48520191097643e-05,0.000155643910120903,0.000123054617990217,9.34134686931938e-05,0.000203288141126354,0.000431737915118303,0.000109402856878336,0.000113934621884204,8.79699624452715e-05,0.000145402517083679,6.80706956140939e-05,0.000401641500349821,0.000203540892397182,7.51975310416667e-05,0.000236512004045264,0.000358657192992914,0.00033613583051948,0.00170104458266099,0,0.00130832029388577,0.000227920771176894,0.000166804579805573,9.12530353817356e-05,0.000293887779698864,0.000123236170242711,0.000146100540834351,7.37325022799695e-05,0.000211218220874658,7.84340160804779e-05,0.00011582368672371,0.000126297274811699
2.7163555988135e-05,3.50019215119519e-05,2.53888755835515e-05,7.1946178511313e-05,6.91214365526018e-05,4.2932241834486e-05,7.62729819610904e-05,4.31136596456811e-05,4.66973803821755e-05,3.57991091801254e-05,4.03786409186562e-05,3.98965239142352e-05,7.10039622272972e-05,5.74715532101502e-05,4.3185322921951e-05,9.96672720278946e-05,3.53001159405546e-05,5.26006177787663e-05,5.70358358180902e-05,4.4121853220775e-05,7.64218675642088e-05,3.58395298064877e-05,0.000212696445362838,0.000112269926451544,0.000230190001206597,0.000133280800054208,0.000186468605274997,0.00103279916446923,0.000885695219221575,0.000324196533917021,0,0.000697190610730893,8.38609748028797e-05,4.70008929796493e-05,0.000139081285804517,5.88814226144317e-05,7.97864507093864e-05,3.73864965426807e-05,0.000118883739864929,3.7476649134141e-05,5.33571231553041e-05,5.6664858766996e-05
1.87457675182301e-05,2.41429124643919e-05,1.72176499803665e-05,4.91423874092822e-05,4.79500917788461e-05,3.03280562059262e-05,5.29161614694242e-05,2.9368045868276e-05,3.27069989834442e-05,2.39058196538866e-05,2.74468381067118e-05,2.64545349363465e-05,4.66639789360559e-05,3.74519694921084e-05,2.78918718347072e-05,6.59988833162533e-05,2.13820570719889e-05,3.03330492085558e-05,3.28011008080143e-05,2.57969713851795e-05,4.37071749599558e-05,2.10554320425056e-05,0.000124878001879271,6.65892846058062e-05,2.37126983018663e-05,8.4891199051362e-05,0.000109398375036554,0.000101989293440617,8.22134348087554e-05,3.39246432186353e-05,0.000427587195897571,0,0.000352456447303982,3.36969951299117e-05,9.55292010845987e-05,4.01537719925475e-05,4.6588988757869e-05,2.66927002989199e-05,7.28758937234344e-05,2.22055147397389e-05,3.18935029395529e-05,3.53940254646386e-05
3.85658352700531e-05,5.05265609069235e-05,3.53849298211169e-05,0.000103045584579496,9.87614720220588e-05,6.36384635255628e-05,0.000110230097062267,6.04792234260812e-05,0.000401553606349992,4.78477260991902e-05,5.67719067439316e-05,5.36191831668392e-05,9.36475761096185e-05,7.29231243551038e-05,0.000310935009631949,0.000120661832941147,3.79293519958468e-05,5.13381115732503e-05,5.36133875968842e-05,4.30749191221541e-05,7.03505525683513e-05,3.43540320861298e-05,0.000200443891661243,0.000106657844663441,3.86087803710938e-05,0.00013724831343678,0.000179028198138567,0.000166474796014493,0.000135616467275512,5.83787611342579e-05,0.000118995489146811,0.000802000816543323,0,0.000398436261328875,0.000198762311688146,8.30642201999094e-05,7.40338515808513e-05,5.42054819350836e-05,0.000115305735331066,3.87856856210357e-05,5.71497237487349e-05,6.80191651325443e-05
5.78013320257076e-05,7.59662393872306e-05,5.02697947654887e-05,0.000144021949167531,0.000140179646003959,9.36364391883645e-05,0.000157809810156642,8.05454706062058e-05,0.00056048174400588,6.12873016356316e-05,7.76379689249903e-05,7.09920287217518e-05,0.000119468844473401,9.29773734646692e-05,6.59089038958466e-05,2.81561348639905e-05,4.64897455269119e-05,6.23902778302936e-05,6.52944592446907e-05,5.33462374247482e-05,8.72439784810826e-05,4.32884334183445e-05,0.000251605335738692,0.000136417524171054,4.87601433854167e-05,0.000193861825565795,0.000219418553239231,0.000207787330091286,0.000166441423793516,7.16486213332556e-05,0.0001473982254847,0.000175522699456415,0.00089283435860718,0,0.000286078093033048,0.00011827275422982,9.29448226111059e-05,0.000532288732009814,0.000154400505549259,4.75250868241769e-05,6.90428624689484e-05,8.3708104942287e-05
0.000122673803170189,0.000151848742878375,0.000112806306843368,5.36771019271818e-05,0.000286652351006787,2.711299077163e-05,4.27292184123976e-05,2.18268540912903e-05,2.12311689633297e-05,1.57918153646429e-05,2.47139780179081e-05,2.32573869769142e-05,3.80653687533584e-05,2.55578640864448e-05,1.66374274030332e-05,6.09627133713498e-06,1.13060986229391e-05,1.51300474106613e-05,1.47432785537126e-05,1.18636231638573e-05,1.82437311267606e-05,8.94451003579418e-06,4.96862229417507e-05,2.64647671801622e-05,9.94546010850695e-06,3.2878137986177e-05,4.58978899898774e-05,4.26428367635987e-05,3.48500339010907e-05,1.57235697176738e-05,2.87658942390797e-05,3.39188815639531e-05,2.91672505240217e-05,1.92996800108793e-05,0,0.00025074644499723,1.80042436296157e-05,1.80847454626209e-05,2.80398780013224e-05,1.2388589196899e-05,1.91984735624252e-05,2.71089450479311e-05
3.16812066716104e-05,3.97068272386673e-05,0.0001694711948113,0.000505928404131853,0.000468767296945701,4.3765894275495e-05,6.94405729583589e-05,3.5800069915838e-05,3.46636214699056e-05,2.57962553289564e-05,4.02140694479225e-05,3.76949855317659e-05,6.11736745781838e-05,4.14623799308289e-05,2.71900370891461e-05,9.94171305283981e-06,1.84155081868524e-05,2.45943588078292e-05,2.40363639319485e-05,1.93586767184764e-05,2.98608510052472e-05,1.46142546901566e-05,8.1485144825903e-05,4.32047955315213e-05,1.62533839746094e-05,5.33673343813525e-05,7.49791372399055e-05,7.02901533455675e-05,5.70108057074556e-05,2.56422590189966e-05,4.71922289272366e-05,5.5527862443513e-05,4.79444378348597e-05,3.12714094617944e-05,0.000968577800733699,0,2.95826280442544e-05,2.89432773850145e-05,4.56258906300179e-05,2.00791633687955e-05,3.10324835242433e-05,4.35029463684828e-05
2.57398766889136e-05,3.31613154059326e-05,2.42257061191099e-05,6.73196950387266e-05,6.24262010831448e-05,4.02389096606319e-05,6.99034737471431e-05,4.07780543982868e-05,4.29558205105988e-05,3.42322583909045e-05,3.77966606727623e-05,3.65802747030517e-05,6.80554287748522e-05,5.37663942121756e-05,4.20681724014479e-05,1.80182256475537e-05,3.74353741399924e-05,6.38004814483244e-05,7.32991861184312e-05,5.52155840001095e-05,0.000111474804454571,0.000292994442725951,0.000310197996298405,0.000999296247349509,0.000286457376391059,0.000176694262040927,0.00139002569221685,0.000191868934246189,0.000143489082250112,5.37850314317347e-05,0.00011780745456669,0.000115545945464667,7.69816230985847e-05,4.41046614968642e-05,0.000129370922872273,5.45167116093459e-05,0,3.60695156524069e-05,0.000166274180192689,4.53565550609122e-05,6.04352579492134e-05,5.72389158123838e-05
7.15650257953281e-05,9.46940759474858e-05,6.09489501079843e-05,0.000172933798091114,0.000169831437157805,0.000674806959431787,0.00112581437173477,9.22541149604648e-05,0.000631884964671205,6.84582160532095e-05,9.16041650119422e-05,8.23143245538162e-05,0.000136971442936593,0.000103600513194099,7.26399274941873e-05,3.00672667194541e-05,5.00675549167261e-05,6.66341977869217e-05,6.88462204173772e-05,5.6212696272986e-05,9.054653998343e-05,4.50791395592841e-05,0.000257457585714286,0.000142008214116977,5.08155330740017e-05,0.000197928261675024,0.000228083554043415,0.000217223773367213,0.000173719515262214,7.56155746693083e-05,0.000151713787371525,0.000183822631747331,0.000158168552064254,0.000698914397398566,0.000349648773982391,0.000143835122554006,9.49924083317674e-05,0,0.000156761666539152,5.12780553042253e-05,7.5142791077836e-05,9.4568034339235e-05
1.61994147657891e-05,2.10107529074808e-05,1.48432808300611e-05,4.06544699762152e-05,3.88519579383484e-05,2.54838548769325e-05,4.2188088856681e-05,2.51343065397748e-05,2.73217534999226e-05,2.08198580203139e-05,2.33193460343431e-05,2.17104425290857e-05,4.04866726437399e-05,3.17558227423854e-05,2.51054523501902e-05,1.10780431359666e-05,2.18121584972941e-05,3.59383814279359e-05,4.30585262594946e-05,3.2483395255035e-05,7.29598095498481e-05,0.000179785399823266,0.000218762126391149,0.000626981268556994,2.94020742133247e-05,0.00116022904129286,0.000137776110656844,0.00011190505985319,8.34481604063947e-05,3.21249035385467e-05,6.94451723867087e-05,7.2782391112712e-05,4.73948827146285e-05,2.98410484880968e-05,8.03959960571647e-05,3.31266747066821e-05,6.63610064056187e-05,2.42869516116297e-05,0,2.75077487448401e-05,3.42956373700432e-05,3.34863362271349e-05
3.25228695711284e-05,4.08074916986624e-05,3.2984320633726e-05,8.93729011709459e-05,7.8647347915724e-05,4.78574528105506e-05,8.02995763643458e-05,4.99019481205822e-05,4.77761695451029e-05,4.20333724630553e-05,4.89636407997601e-05,4.96671371002619e-05,9.71768514803869e-05,7.05212203901861e-05,5.30524039605792e-05,1.94005956599442e-05,5.01937471179259e-05,0.000620944570381079,9.75235701499768e-05,6.53280563444067e-05,0.000118898958351284,4.85943978803132e-05,0.000313515373535633,0.000124738569047958,4.47867393033854e-05,0.000136449887234043,0.000232070853700371,0.000188464527004517,0.000141591593373674,5.88667903997436e-05,0.000107972597471385,0.000108081992566638,7.71157117513101e-05,4.42262122408166e-05,0.000169165439396453,6.99380612895916e-05,8.86859879498262e-05,3.75785306914639e-05,0.000129316577193728,0,0.000818181278719293,0.000106185036087743
2.60190540427636e-05,3.24852413286475e-05,2.66065915892234e-05,7.21978119046167e-05,6.32702376979638e-05,3.77073377254543e-05,6.42775956296338e-05,3.90915745132982e-05,3.68217423688689e-05,3.27044742633939e-05,3.90211311086794e-05,4.10305493832613e-05,7.88174214078452e-05,5.7046895960561e-05,4.09300826714754e-05,1.45353311768445e-05,0.000214517742967865,0.000419079281185127,6.40450152902651e-05,4.41483333324212e-05,7.43715230626899e-05,3.20673504295302e-05,0.000198105175813537,8.45499408068877e-05,3.10542242165799e-05,9.10202989497222e-05,0.000158862602131369,0.000133797603194993,0.000101644682515315,4.32251000888643e-05,7.79172880664564e-05,8.01106982873797e-05,5.86888786228513e-05,3.34841749872008e-05,0.000137267112951384,5.63747874263558e-05,5.97549995936296e-05,2.88507866416627e-05,8.47470956739397e-05,0.000407945111892137,0,0.000524218669118654
3.91330442788283e-05,4.82146423272232e-05,4.05932244306283e-05,0.000113142285241203,9.927054885181e-05,5.45649735506509e-05,9.49340280701265e-05,5.51885632098359e-05,5.05113796518645e-05,4.4898453000183e-05,5.84665040508833e-05,6.21949086099775e-05,0.000714371210174637,0.00048283913216838,5.38872755231452e-05,1.83730902972284e-05,0.000246937208958762,6.71322555364027e-05,6.02450792609673e-05,4.58180485483253e-05,7.15678199861917e-05,3.29208846532438e-05,0.000194308404197852,9.02128855308097e-05,3.41619497884115e-05,9.95569714121155e-05,0.000167087041069621,0.000150188244132317,0.000117098024185716,5.17597730886895e-05,9.18190977925718e-05,9.89175087923243e-05,7.79289470664577e-05,4.48101174852809e-05,0.000210003771730254,8.59403212875774e-05,6.3343511303204e-05,3.98657586658583e-05,9.09544153631813e-05,5.93789101872672e-05,0.000589847756904959,0
